YH,YC,iR[h,ABC敪,N,oɎ,AInCubhv,6\gp,6{ُl
{,324A,YY-AC065HR-MWH4,A,202405,1222,1280.1,1203.6,1205
{,324A,YY-AC065HL-MWH4,A,202405,1165,1268.6,1187.4,1203.4
{,324A,YY-AC07HR-MWH4,A,202405,1007,983.8,998,1005.9
{,324A,YY-AC06HR-MWH4,A,202405,955,1067.3,1031.6,1042.2
{,324A,YY-AC07HL-MWH4,A,202405,963,980.6,970.1,978.6
{,324A,YY-AC06HL-MWH4,A,202405,936,1033.1,998.7,1009
{,324A,YY-AC055HR-MWH4,A,202405,712,837.7,801.1,809.4
{,324A,YY-AC055HL-MWH4,A,202405,663,780.8,746.2,753.9
{,324A,WA-AC065HL-MWH4,B,202405,463,376.6,377.7,381.4
{,324A,WA-AC065HR-MWH4,B,202405,431,386,378.5,384.9
{,324A,WA-AC07HR-MWH4,B,202405,367,333.8,311,312.7
{,324A,WA-AC07HL-MWH4,B,202405,333,328.6,314.7,317.8
{,324A,PP-AC07HR-MWH4,B,202405,276,252.5,241.7,234.8
{,324A,WA-AC055HL-MWH4,C,202405,246,166.9,194.8,197
{,324A,WA-AC055HR-MWH4,B,202405,246,234.7,224.2,226.9
{,324A,MM-AC07HR-MWH4,B,202405,246,218,220.4,224.5
{,324A,PP-AC07HL-MWH4,B,202405,247,245.2,241.2,242.9
{,324A,YY-BA06HR-MWH4,C,202405,234,172.1,193.4,194.1
{,324A,MM-AC065HR-MWH4,B,202405,206,208.6,202.9,205.6
{,324A,PP-AC065HL-MWH4,B,202405,209,186.7,204.9,198.9
{,324A,YY-AA055HR-MWH4,C,202405,225,165.9,159,159.7
{,324A,MM-AC065HL-MWH4,C,202405,204,199.3,195.6,198
{,324A,MM-AC07HL-MWH4,B,202405,214,208.6,212.2,217.1
{,324A,LL-AC07HR-MWH4,C,202405,206,197.2,184.1,186
{,324A,LL-AC07HL-MWH4,C,202405,198,188.8,172.6,175.7
{,324A,PP-AC065HR-MWH4,C,202405,176,247.2,198,194.6
{,324A,YY-BA06HL-MWH4,C,202405,194,202.4,186.3,186
{,324A,YY-AA055HL-MWH4,C,202405,187,157.5,163.3,161.1
{,324A,WA-AC06HL-MWH4,C,202405,170,144,181.9,181.7
{,324A,LL-AC065HL-MWH4,C,202405,171,179.4,153.5,150.2
{,324A,DD-AC07HR-MWH4,C,202405,162,117.9,120.7,122.7
{,324A,DD-AC07HL-MWH4,C,202405,164,131.4,110.8,112.1
{,324A,WA-AC00HR-MHFT,C,202405,154,117.9,118.5,121.9
{,324A,MM-AC06HL-MWH4,D,202405,145,100.2,93.6,95.6
{,324A,WA-AC06HR-MWH4,C,202405,149,166.9,188.7,191
{,324A,MM-AC06HR-MWH4,D,202405,132,78.2,99.1,98
{,324A,LL-AC065HR-MWH4,C,202405,142,164.8,160.5,157.8
{,324A,YY-AC00HR-MHFT,C,202405,142,114.5,113.9,116.4
{,324A,YY-AA07HR-MWH4,C,202405,138,131.4,121.8,120.5
{,324A,YY-AA065HR-MWH4,D,202405,129,65.7,67.4,64.3
{,324A,YY-AA08HL-MWH4,D,202405,134,75.1,92,91.8
{,324A,YY-AC065Z-MHFW,C,202405,132,116.8,128.9,131.9
{,324A,DD-AC065HR-MWH4,C,202405,129,110.6,105.1,106.6
{,324A,MM-AC055HL-MWH4,C,202405,122,114.8,102.1,99.2
{,324A,WA-AC065Z-MHFW,C,202405,126,117.9,129.1,129.4
{,324A,MM-AC055HR-MWH4,C,202405,116,111.6,102.1,101.9
{,324A,YY-AA08HR-MWH4,D,202405,115,82.4,90.4,86.8
{,324A,YY-AA07HL-MWH4,C,202405,116,110.6,129.7,121.7
{,324A,YY-AA065HL-MWH4,D,202405,117,66.8,70.7,68.9
{,324A,PP-AC055HR-MWH4,C,202405,110,80.3,105.5,107.4
{,324A,DD-AC065HL-MWH4,C,202405,115,110.6,106.2,108.1
{,324A,LL-AC06HR-MWH4,D,202405,100,79.3,72.1,73.6
{,324A,YY-AA06HR-MWH4,D,202405,104,73,63.3,62.4
{,324A,WA-AA00HR-MHFT,C,202405,118,140.8,107.8,111.6
{,324A,YY-AC00HL-MHFT,C,202405,120,98.5,121.2,124.8
{,324A,PP-AC06HR-MWH4,C,202405,111,103.3,114.1,109.3
{,324A,PP-AC06HL-MWH4,C,202405,105,89.7,104.9,102.1
{,324A,YY-BA065HR-MWH4,D,202405,96,73,98.9,93.7
{,324A,WA-AA055HR-MWH4,D,202405,92,90.8,90.9,91.3
{,324A,WA-AA00HL-MHFT,C,202405,110,114.5,102.2,103.4
{,324A,WA-AC00HL-MHFT,C,202405,104,64.1,122.3,128.5
{,324A,YY-BA065HL-MWH4,D,202405,91,97,95.8,93
{,324A,WA-AA07Z-MHFW,D,202405,104,59.5,71.5,70.4
{,324A,YY-AD065HL-MWH4,D,202405,89,96,81.7,82.5
{,324A,LL-AC06HL-MWH4,D,202405,85,53.2,63.1,64.1
{,324A,YY-AB055HR-MWH4,D,202405,90,63.6,91.7,91.8
{,324A,YY-AB055HL-MWH4,D,202405,88,72,95.1,95.2
{,324A,WA-AC055Z-MHFW,D,202405,91,88.2,80.9,79.5
{,324A,YY-AD065HR-MWH4,D,202405,86,91.8,84.7,84.9
{,324A,LL-AC055HR-MWH4,D,202405,82,76.2,80.6,79.1
{,324A,PP-AC055HL-MWH4,D,202405,83,106.4,96.1,98.7
{,324A,WA-BA06HL-MWH4,D,202405,76,65.7,68,67.9
{,324A,DG-AC07HR-MTW8,D,202405,80,53.2,60.4,59.8
{,324A,WA-AA055Z-MHFW,D,202405,89,103.1,75.9,80
{,324A,WA-AA055HL-MWH4,D,202405,78,97,89.8,92.1
{,324A,WA-AA07HL-MWH4,D,202405,75,56.3,68.5,69.8
{,324A,YY-AA06HL-MWH4,D,202405,75,56.3,56,57.9
{,324A,YY-AB07HR-MWH4,D,202405,71,85.5,76.2,80.1
{,324A,LL-AC055HL-MWH4,D,202405,72,78.2,69.9,68.1
{,324A,DG-AC065HL-MTW8,D,202405,67,48,63.1,64.3
{,324A,YY-AB07HL-MWH4,D,202405,69,92.8,74,73.6
{,324A,DD-AC055HL-MWH4,D,202405,74,53.2,56.2,55.9
{,324A,YY-AH08HR-MWH4,E,202405,77,35.5,49.2,49.3
{,324A,YY-AE065HR-MWH4,E,202405,65,35.5,38.8,36.6
{,324A,YY-AB065HR-MWH4,E,202405,68,46.9,49.4,50
{,324A,YY-AH07HR-MWH4,D,202405,66,12.5,54.9,49.7
{,324A,YY-AC055Z-MHFW,D,202405,71,71,80.6,83.4
{,324A,PP-AA055HR-MWH4,D,202405,68,40.7,55.9,54.3
{,324A,WA-AA07HR-MWH4,D,202405,65,53.2,54.3,50.9
{,324A,DD-AC055HR-MWH4,D,202405,61,67.8,53.3,50.4
{,324A,YY-AC08HL-MWH4,D,202405,62,64.7,63.1,61.9
{,324A,YY-AC08HR-MWH4,D,202405,59,69.9,69.6,71.5
{,324A,MM-AA055HR-MWH4,E,202405,59,41.7,41.3,43
{,324A,MM-AA00HR-MHFT,E,202405,58,67.6,41.7,41
{,324A,MM-AB07HR-MWH4,E,202405,66,41.7,42.9,43.5
{,324A,YY-AH055HR-MWH4,D,202405,60,31.3,74.8,74.4
{,324A,WA-BA06HR-MWH4,D,202405,55,59.5,68.2,68.9
{,324A,MM-AC00HR-MHFT,E,202405,55,22.9,40.5,37.6
{,324A,YY-AB08HR-MWH4,D,202405,59,44.9,52.7,52.6
{,324A,YY-AB065HL-MWH4,E,202405,54,58.4,46.1,43.5
{,324A,DG-AC065HR-MTW8,D,202405,61,56.3,71.5,72.2
{,324A,MM-AA055HL-MWH4,E,202405,54,32.3,37.9,38
{,324A,WA-AB055HL-MWH4,D,202405,67,53.2,57.4,59.3
{,324A,WA-AA08HR-MWH4,D,202405,59,52.2,52.2,52.4
{,324A,YY-AH055HL-MWH4,D,202405,55,26.1,77,79.4
{,324A,YY-AH07HL-MWH4,D,202405,54,49,50.8,48.1
{,324A,DG-AC07HL-MTW8,D,202405,52,53.2,61.4,62.6
{,324A,YY-AB08HL-MWH4,D,202405,55,46.9,51.3,53.6
{,324A,WA-AA08Z-MHFW,D,202405,55,87,76.2,80
{,324A,YY-AA00HR-MHFT,E,202405,51,59.5,36.2,38.5
{,324A,MM-AA08Z-MHFW,E,202405,49,16,22.8,23.7
{,324A,MM-AA00HL-MHFT,E,202405,53,65.3,40.4,36.2
{,324A,DD-AC06HL-MWH4,E,202405,48,63.6,42,39.7
{,324A,WA-AB07HR-MWH4,D,202405,49,31.3,66.7,66.7
{,324A,LL-AB07HR-MWH4,E,202405,48,28.2,27.3,26.8
{,324A,LL-AB07HL-MWH4,E,202405,45,9.4,24.3,23.2
{,324A,WA-AB07HL-MWH4,D,202405,48,45.9,68.3,66.7
{,324A,WA-AC08HR-MWH4,E,202405,46,27.1,30,30.1
{,324A,DD-AB07HL-MWH4,E,202405,45,19.8,26.8,26.3
{,324A,YY-AE055HL-MWH4,G,202405,46,7.3,8.8,7.4
{,324A,WA-AA06HR-MWH4,E,202405,48,60.5,45.6,46.1
{,324A,PP-AA055HL-MWH4,E,202405,47,43.8,44.3,43.5
{,324A,YY-AA00HL-MHFT,E,202405,45,121.9,39.6,39.6
{,324A,YY-BA07HR-MWH4,E,202405,50,30.3,29,30.4
{,324A,YY-AH06HL-MWH4,E,202405,51,12.5,28.9,29.9
{,324A,YY-AB09HL-MWH4,E,202405,44,45.9,46.1,47.3
{,324A,YY-BA055HR-MWH4,D,202405,45,37.6,55.9,55.5
{,324A,YY-BA07HL-MWH4,E,202405,57,29.2,32,32.5
{,324A,DD-AB07HR-MWH4,E,202405,43,28.2,26,26.8
{,324A,YY-AH08HL-MWH4,D,202405,48,21.9,51.1,51.6
{,324A,WA-AH07HL-MWH4,E,202405,41,10.4,30.1,28
{,324A,WA-AA08HL-MWH4,E,202405,41,46.9,46.4,45.2
{,324A,PP-AB055HR-MWH4,E,202405,43,39.6,36.4,38
{,324A,PP-AA08HL-MWH4,E,202405,41,40.7,34.1,33
{,324A,YY-AH065HR-MWH4,E,202405,41,19.8,23.2,23.9
{,324A,EF-AC07HR-MTW8,E,202405,38,20.9,22.4,20.3
{,324A,YY-AB09HR-MWH4,E,202405,39,49,46.1,46.9
{,324A,PP-AB07HR-MWH4,E,202405,39,24,39.8,41.4
{,324A,WA-AH055HR-MWH4,E,202405,53,20.9,37.5,37.3
{,324A,WA-AB09HL-MWH4,F,202405,41,5.2,16.6,17
{,324A,MM-AC065Z-MHFW,E,202405,38,32.1,36.8,34.2
{,324A,WA-AA06HL-MWH4,E,202405,38,40.7,47.3,48.1
{,324A,PP-AB07HL-MWH4,E,202405,42,29.2,33.8,34.7
{,324A,WA-BA065HL-MWH4,E,202405,38,28.2,29.3,26.8
{,324A,YY-AD07HL-MWH4,E,202405,37,18.8,24.8,24.6
{,324A,WA-AH055HL-MWH4,E,202405,41,17.7,31.9,29.4
{,324A,PP-AB09HL-MWH4,F,202405,47,16.7,17.5,17.7
{,324A,YY-AC07Z-MHFW,E,202405,47,24,24.3,25.3
{,324A,DD-AC06HR-MWH4,D,202405,40,74.1,52.9,54
{,324A,MM-AB055HR-MWH4,E,202405,39,42.8,38.5,37.5
{,324A,YY-AB06HR-MWH4,E,202405,40,52.2,49.1,50.7
{,324A,WA-AD065HR-MWH4,E,202405,37,37.6,30.1,32
{,324A,PP-AD065HR-MWH4,E,202405,34,36.5,30.4,29.9
{,324A,LL-AD065HL-MWH4,E,202405,37,33.4,27,27.5
{,324A,YY-AD06HL-MWH4,E,202405,44,28.2,41.8,39.9
{,324A,PP-BA06HL-MWH4,E,202405,37,33.4,29.3,29.9
{,324A,YY-AD06HR-MWH4,E,202405,42,31.3,33.3,34.4
{,324A,WA-AA055HR-MWH5,E,202405,40,29.2,23.3,22.7
{,324A,YY-AA055HR-MWH5,E,202405,36,17.7,21.6,20.8
{,324A,WA-AA065Z-MHFW,E,202405,37,30.9,37.1,39.4
{,324A,WA-AC08HL-MWH4,E,202405,39,25,26.7,27.3
{,324A,YY-AA09HL-MWH4,E,202405,42,23,25.6,26.8
{,324A,WA-AB08HR-MWH4,E,202405,35,20.9,25.2,25.3
{,324A,LL-AD07HR-MWH4,F,202405,36,19.8,16.1,16.3
{,324A,MM-AC00HL-MHFT,E,202405,35,52.7,32.4,30.3
{,324A,YY-BA055HL-MWH4,E,202405,36,54.2,45.8,43
{,324A,LL-AD065HR-MWH4,E,202405,37,39.6,27,27
{,324A,WA-AB09HR-MWH4,E,202405,36,30.3,20,19.8
{,324A,LL-AA055HR-MWH4,E,202405,34,26.1,24.8,24.1
{,324A,MM-AB06HR-MWH4,F,202405,34,19.8,15.5,16
{,324A,WA-AA065HL-MWH4,E,202405,37,39.6,36.8,35.9
{,324A,WA-AD065HL-MWH4,E,202405,32,38.6,23.3,23.9
{,324A,LL-AB055HL-MWH4,F,202405,32,11.5,16.3,15.5
{,324A,PP-BA06HR-MWH4,E,202405,34,33.4,27.8,26.1
{,324A,DG-AC06HL-MTW8,E,202405,33,21.9,23.7,24.6
{,324A,LL-AA00HR-MHFT,F,202405,31,11.5,15.2,15.7
{,324A,WA-AB055HR-MWH4,D,202405,38,52.2,54.7,55.5
{,324A,YY-AA09HR-MWH4,E,202405,34,33.4,24.5,26.3
{,324A,PP-AB065HR-MWH4,E,202405,34,32.3,23.5,23.4
{,324A,MM-AA055Z-MHFW,E,202405,31,22.9,30.2,28
{,324A,YY-AA065Z-MHFW,F,202405,30,16,17.3,16.6
{,324A,YY-AB06HL-MWH4,E,202405,33,53.2,48.1,48.3
{,324A,PP-AA07HL-MWH4,E,202405,33,39.6,32.3,31.3
{,324A,YY-AH09HL-MWH4,F,202405,30,14.6,14.8,14.6
{,324A,YY-AA055Z-MHFW,E,202405,29,25.2,33.4,33.7
{,324A,YY-AA08Z-MHFW,E,202405,31,25.2,23.8,26.7
{,324A,WA-AC07Z-MHFW,E,202405,29,21.8,24.9,26.7
{,324A,PP-AB065HL-MWH4,E,202405,32,33.4,26,26.5
{,324A,PP-AD065HL-MWH4,E,202405,30,33.4,32,32.5
{,324A,YY-AH065HL-MWH4,E,202405,28,20.9,23.8,23.7
{,324A,EF-AC065HR-MTW8,E,202405,30,3.1,20.4,20.8
{,324A,YY-AD07HR-MWH4,E,202405,30,39.6,32.7,34.7
{,324A,WA-AB08HL-MWH4,E,202405,30,25,23.8,22.7
{,324A,WA-AH07HR-MWH4,E,202405,29,18.8,24,22.7
{,324A,WA-AB065HL-MWH4,F,202405,32,17.7,19.4,19.8
{,324A,PP-AB055HL-MWH4,E,202405,28,38.6,33.9,34.2
{,324A,YY-AE065HL-MWH4,E,202405,28,37.6,34.1,32.3
{,324A,YY-AE07HR-MWH4,E,202405,31,32.3,21.5,19.8
{,324A,PP-AB06HL-MWH4,F,202405,26,29.2,18,17.7
{,324A,MM-AC08HR-MWH4,E,202405,27,24,21.9,23.4
{,324A,PP-AA08HR-MWH4,E,202405,27,19.8,32,31.6
{,324A,YY-AE06HR-MWH4,E,202405,27,16.7,26,27
{,324A,DD-AB09HL-MWH4,G,202405,27,12.5,8.5,8.8
{,324A,LL-AA00HL-MHFT,F,202405,27,25.2,17.9,15.9
{,324A,WA-BA065HR-MWH4,E,202405,25,38.6,28.2,26.1
{,324A,MM-AB055HL-MWH4,E,202405,28,36.5,35.5,36.3
{,324A,PP-AB06HR-MWH4,F,202405,26,34.4,19.7,17.7
{,324A,PP-AB08HL-MWH4,F,202405,24,28.2,16.3,14.1
{,324A,WA-AA055HL-MWH5,E,202405,28,21.9,22.4,22
{,324A,WA-AH08HL-MWH4,E,202405,26,18.8,25.2,25.3
{,324A,DD-AB06HL-MWH4,F,202405,27,12.5,12.1,12.4
{,324A,DG-AC06HR-MTW8,E,202405,29,12.5,27.3,26.8
{,324A,MM-AD065HL-MWH4,E,202405,28,26.1,23,23.4
{,324A,WA-AD07HR-MWH4,F,202405,24,21.9,19.6,19.4
{,324A,MM-AB06HL-MWH4,F,202405,27,20.9,18.6,19.4
{,324A,PP-AD07HL-MWH4,F,202405,27,19.8,17.5,17.2
{,324A,EF-AC07HL-MTW8,F,202405,23,9.4,18.5,18.2
{,324A,MM-AB09HR-MWH4,F,202405,26,8.3,13.6,13.4
{,324A,LL-AC065Z-MHFW,E,202405,27,4.6,42.6,42.4
{,324A,DD-AB055HR-MWH4,E,202405,24,28.2,24.1,24.4
{,324A,MM-BA06HR-MWH4,E,202405,24,27.1,25.1,24.9
{,324A,MM-AD065HR-MWH4,E,202405,28,24,25.4,25.8
{,324A,DD-AB055HL-MWH4,E,202405,28,23,22.1,22.7
{,324A,WA-AB06HR-MWH4,E,202405,28,19.8,23.2,22
{,324A,DD-AA07HL-MWH4,E,202405,24,16.7,24.3,24.6
{,324A,MM-BA06HL-MWH4,E,202405,24,16.7,26.3,24.9
{,324A,PP-AA06HL-MWH4,F,202405,31,12.5,19.2,16.7
{,324A,DD-AB08HR-MWH4,F,202405,24,11.5,12.6,12.2
{,324A,YY-AH06HR-MWH4,E,202405,34,10.4,25.1,25.3
{,324A,LL-AA055HL-MWH4,E,202405,23,38.6,27,26.1
{,324A,PP-AA07HR-MWH4,E,202405,31,36.5,30.6,31.6
{,324A,YY-AA055HL-MWH5,F,202405,24,23,19.1,20.3
{,324A,MM-AD06HL-MWH4,F,202405,24,20.9,12.1,11.2
{,324A,LL-AB055HR-MWH4,E,202405,25,17.7,24.6,23.7
{,324A,MM-AD06HR-MWH4,F,202405,22,16.7,10.6,11
{,324A,YY-AH09HR-MWH4,F,202405,27,15.6,15.9,15.3
{,324A,LL-AE07HL-MWH4,G,202405,22,12.5,9.6,9.3
{,324A,WA-AH08HR-MWH4,E,202405,27,7.3,23,21.8
{,324A,WA-AH06HR-MWH4,F,202405,22,5.2,14.5,13.9
{,324A,LL-AC00HR-MHFT,E,202405,24,29.8,49.6,49.9
{,324A,DE-AC065HR-MTW8,G,202405,22,7.2,8.6,8.8
{,324A,WA-AA065HR-MWH4,E,202405,27,41.7,45.3,50
{,324A,PP-AB09HR-MWH4,F,202405,23,15.6,16.9,17.5
{,324A,PP-AA055HL-MWH5,H,202405,22,9.4,3.8,3.8
{,324A,LL-AC00HL-MHFT,E,202405,25,50.4,44.1,45.6
{,324A,LL-AA07Z-MHFW,G,202405,22,6.9,7.1,6.4
{,324A,WA-AA00HR-MHFV,F,202405,21,13.4,17.3,17.5
{,324A,LL-AD055HL-MWH4,G,202405,20,8.2,8.1,7.9
{,324A,PP-AC08HL-MWH4,E,202405,22,28.2,23.7,25.1
{,324A,MM-AA07HR-MWH4,E,202405,21,27.1,24.9,19.6
{,324A,DG-AC055HR-MTW8,E,202405,22,23,23,23.2
{,324A,YY-AC09HR-MWH4,E,202405,22,21.9,21.9,23
{,324A,DG-AC055HL-MTW8,E,202405,23,19.8,27.5,29.2
{,324A,LL-AB06HR-MWH4,F,202405,20,14.6,14.4,15.3
{,324A,MM-AA08HR-MWH4,F,202405,20,10.4,16.3,15.5
{,324A,DD-AB06HR-MWH4,F,202405,22,8.3,10.9,11
{,324A,WA-AH06HL-MWH4,F,202405,21,8.3,15.6,14.1
{,324A,LL-AA06HL-MWH4,F,202405,22,7.3,10.1,10
{,324A,MM-AH06HR-MWH4,H,202405,20,1,4.9,4.9
{,324A,DD-AA055HR-MWH4,E,202405,21,27.1,26.7,26.5
{,324A,PP-AC08HR-MWH4,E,202405,20,24,22.4,21.5
{,324A,WA-AC09HR-MWH4,F,202405,19,21.9,11.7,12
{,324A,YY-AE07HL-MWH4,F,202405,23,17.7,19.1,19.4
{,324A,DD-AB09HR-MWH4,F,202405,20,13.6,10.9,11
{,324A,LL-AA07HR-MWH4,F,202405,20,9.4,18.6,18.6
{,324A,YY-AH055HR-MWH5,G,202405,21,7.3,8.2,7.7
{,324A,YY-AH055HL-MWH5,G,202405,18,1,8.8,9.1
{,324A,LL-AD07HL-MWH4,F,202405,21,27.1,14.8,14.6
{,324A,LL-AE07HR-MWH4,F,202405,18,25,11.8,11.7
{,324A,MM-AB07HL-MWH4,E,202405,22,25,36.8,37.1
{,324A,WA-AB065HR-MWH4,E,202405,26,21.9,22.6,22.2
{,324A,LL-AB08HR-MWH4,F,202405,18,16.7,17.2,17
{,324A,PP-AA06HR-MWH4,E,202405,21,16.7,24.5,24.9
{,324A,WA-AA09HR-MWH4,F,202405,18,13.6,16.3,16.3
{,324A,DF-AC07HL-MTW8,G,202405,18,8.3,8.8,8.6
{,324A,DE-AC065HL-MTW8,F,202405,18,1,10.7,10.5
{,324A,MM-AA07Z-MHFW,F,202405,24,3.4,18.8,15.9
{,324A,PP-BA07HR-MWH4,G,202405,18,16.7,8.4,8.1
{,324A,WA-BA07HR-MWH4,F,202405,19,16.7,13.6,13.6
{,324A,DD-AB08HL-MWH4,F,202405,18,15.6,11.5,11.2
{,324A,WA-AA07HL-MWH5,F,202405,18,12.5,10.9,8.1
{,324A,EF-AC065HL-MTW8,E,202405,18,11.5,24,22
{,324A,DD-AH07HR-MWH4,G,202405,18,2.1,8.5,7.4
{,324A,WA-AE06HL-MWH4,G,202405,15,3.1,8.4,8.6
{,324A,YY-AD055HR-MWH4,E,202405,18,21.9,22.2,22.7
{,324A,MM-BA065HL-MWH4,F,202405,22,19.8,13.4,14.1
{,324A,LL-AA07HL-MWH4,F,202405,20,18.8,18.1,17.7
{,324A,MM-AD07HR-MWH4,F,202405,18,17.7,15.9,16.7
{,324A,MM-AA09HR-MWH4,F,202405,18,11.5,10.3,9.3
{,324A,MM-BA055HL-MWH4,F,202405,16,6.3,10.6,11.5
{,324A,PP-AA09HL-MWH4,G,202405,17,6.3,7.6,7.7
{,324A,NTFY295,G,202405,17,9.7,6.5,6.5
{,324A,LL-AD055HR-MWH4,G,202405,18,9.2,6.4,6.6
{,324A,DD-BA06HR-MWH4,E,202405,24,26.1,30.4,29.4
{,324A,PP-AA065HR-MWH4,F,202405,17,25,18.3,17.2
{,324A,WA-BA055HL-MWH4,E,202405,16,19.8,20.4,20.6
{,324A,DK-AC065HL-MTW8,F,202405,16,15.6,18.3,19.1
{,324A,MM-AB08HR-MWH4,E,202405,20,15.6,20.4,19.8
{,324A,LL-BA07HR-MWH4,G,202405,17,13.6,9,9.1
{,324A,DD-AA06HR-MWH4,F,202405,16,10.4,10.3,9.6
{,324A,PP-BA07HL-MWH4,G,202405,16,10.4,9.3,8.6
{,324A,DD-AA07HR-MWH4,F,202405,16,7.3,18.3,18.2
{,324A,LL-AA055Z-MHFW,G,202405,16,6.9,8.7,9.8
{,324A,LL-AA08Z-MHFW,G,202405,16,3.4,7.5,6.4
{,324A,PP-BA065HL-MWH4,E,202405,15,33.4,25.4,24.6
{,324A,YY-AE06HL-MWH4,E,202405,14,29.2,23.7,24.6
{,324A,YY-BA08HR-MWH4,F,202405,18,23,16.7,17
{,324A,LL-BA06HR-MWH4,F,202405,20,17.7,18.6,19.6
{,324A,DD-AA08HR-MWH4,F,202405,15,16.7,17.4,16
{,324A,MM-AB08HL-MWH4,F,202405,16,15.6,16.6,15.3
{,324A,MM-AA08HL-MWH4,E,202405,16,13.6,31.4,30.6
{,324A,DG-BA06HL-MTW8,F,202405,15,9.4,10.4,10.3
{,324A,LL-AD06HL-MWH4,G,202405,15,7.3,7.1,6.9
{,324A,MM-AC07Z-MHFW,F,202405,14,5.7,11.8,12.5
{,324A,PP-BB065HL-MWH4,H,202405,13,5.7,3.2,3.6
{,324A,MM-AE06HL-MWH4,G,202405,14,8.2,6.7,6.4
{,324A,DD-AA055HL-MWH4,E,202405,14,33.4,25.9,25.1
{,324A,MM-AA07HL-MWH4,E,202405,16,29.2,30,26.3
{,324A,PP-BA065HR-MWH4,E,202405,14,29.2,27,26.3
{,324A,WA-AA07HR-MWH5,F,202405,14,26.1,11.4,10.3
{,324A,DD-BA06HL-MWH4,E,202405,23,25,28.7,27.3
{,324A,PP-AB08HR-MWH4,E,202405,15,23,21.5,19.4
{,324A,LL-AC08HR-MWH4,F,202405,18,21.9,16.1,14.3
{,324A,WA-AD07HL-MWH4,F,202405,14,18.8,18.6,18.9
{,324A,LL-BA065HR-MWH4,F,202405,15,16.7,16.6,15.5
{,324A,YY-BA08HL-MWH4,F,202405,15,12.5,18.1,19.4
{,324A,YY-BB06HL-MWH4,F,202405,14,12.5,11,12.2
{,324A,DD-AC08HR-MWH4,F,202405,16,9.4,12.3,12.7
{,324A,LL-AA065HR-MWH4,F,202405,15,9.4,11.2,9.8
{,324A,MM-AB065HR-MWH4,F,202405,14,9.4,16.9,15.5
{,324A,WA-AH065HL-MWH4,F,202405,15,8.3,12.9,13.2
{,324A,WA-AC09HL-MWH4,F,202405,14,14.4,10.7,11.3
{,324A,EH-AC07HL-MTW8,G,202405,13,0,7.3,7.4
{,324A,MM-AC08HL-MWH4,E,202405,15,18.8,21.1,21.3
{,324A,DD-AA06HL-MWH4,F,202405,13,15.6,12.5,13.2
{,324A,DD-BA065HR-MWH4,F,202405,16,15.6,17.4,15.1
{,324A,DD-BA065HL-MWH4,F,202405,15,10.4,10.9,10.5
{,324A,LL-BA07HL-MWH4,F,202405,13,10.4,10.7,11.2
{,324A,WA-AE07HL-MWH4,F,202405,13,9.4,11.7,9.8
{,324A,YY-AA08HL-MWH5,G,202405,14,6.3,8.7,8.1
{,324A,PP-AA09HR-MWH4,G,202405,13,3.1,7.7,7.9
{,324A,YY-AB00HR-MHFT,F,202405,14,11.5,15.7,12.5
{,324A,LL-AC055Z-MHFW,E,202405,15,6.9,23.7,24.1
{,324A,NTFL297,G,202405,14,5.8,5.1,4.8
{,324A,LL-AC07HL-MWH5,G,202405,13,19.5,6.4,5.9
{,324A,PP-AC09HL-MWH4,F,202405,13,12.3,12.4,12.8
{,324A,LL-AB06HL-MWH4,F,202405,12,11.3,16.2,16
{,324A,WA-AE06HR-MWH4,G,202405,13,10.3,9.4,9.8
{,324A,MM-AC09HL-MWH4,F,202405,15,8.2,10.5,10.6
{,324A,DG-AB065HR-MTW8,G,202405,12,6.2,6.2,5.2
{,324A,LL-AC09HL-MWH4,G,202405,15,6.2,7.8,7.4
{,324A,DD-AD06HR-MWH4,G,202405,14,3.1,5.1,4.9
{,324A,WA-AH09HL-MWH4,G,202405,12,3.1,6.1,5.4
{,324A,PP-AA065HL-MWH4,E,202405,14,28.2,22.2,20.6
{,324A,MM-AA065HR-MWH4,F,202405,12,19.8,15.5,14.8
{,324A,MM-BA065HR-MWH4,F,202405,13,16.7,12.3,12.2
{,324A,MM-AD07HL-MWH4,F,202405,14,14.6,15.1,13.2
{,324A,LL-AE06HL-MWH4,G,202405,12,13.6,9.3,8.8
{,324A,MM-AB09HL-MWH4,F,202405,15,12.5,12.1,12.4
{,324A,MM-AE07HR-MWH4,F,202405,12,10.4,12.5,12.4
{,324A,WA-AE07HR-MWH4,F,202405,12,10.4,13.1,12.9
{,324A,PP-AE065HR-MWH4,F,202405,13,9.4,13.6,12.9
{,324A,WA-AD055HL-MWH4,F,202405,13,9.4,11.7,12.4
{,324A,YY-AA07HR-MWH5,G,202405,13,8.3,7.9,7.7
{,324A,WA-AA065HL-MWH5,F,202405,13,7.3,13.9,13.2
{,324A,MM-AH07HR-MWH4,F,202405,12,6.3,10.4,10.3
{,324A,DD-AH07HL-MWH4,G,202405,12,5.2,8.2,8.1
{,324A,DD-AC09HR-MWH4,G,202405,14,5.7,5.7,5.1
{,324A,MM-AD055HL-MWH4,G,202405,12,4.7,5.1,4.9
{,324A,DG-AB07HR-MTW8,F,202405,16,10.3,12.3,12.8
{,324A,MM-AE07HL-MWH4,G,202405,14,9.2,9.2,9.8
{,324A,YY-AA08HR-MWH5,G,202405,12,8.2,7.8,7.6
{,324A,YY-AD055HL-MWH4,F,202405,20,19.8,16.9,17
{,324A,WA-AA09HL-MWH4,F,202405,13,17.7,14.4,12.9
{,324A,DK-AC065HR-MTW8,F,202405,12,16.7,16.6,15.5
{,324A,WA-AE065HL-MWH4,F,202405,16,16.7,17,17.2
{,324A,DE-AC07HL-MTW8,F,202405,12,12.5,14,14.1
{,324A,DF-AC07HR-MTW8,G,202405,12,12.5,8.4,8.6
{,324A,DD-AH055HR-MWH4,G,202405,12,10.4,9.5,8.1
{,324A,WA-BA07HL-MWH4,F,202405,14,10.4,10.7,11.2
{,324A,LL-AB065HR-MWH4,F,202405,12,6.3,18.5,17.5
{,324A,YY-AA07HL-MWH5,G,202405,12,6.3,6.8,7.4
{,324A,MM-AC055Z-MHFW,E,202405,12,48.1,22.9,21.6
{,324A,DC-AC07HL-MTW8,H,202405,11,5.7,4.5,3.9
{,324A,DD-AE065HR-MWH4,H,202405,10,5.7,4.8,5.4
{,324A,DG-AB065HL-MTW8,G,202405,11,4.7,6.9,6.1
{,324A,DD-AE065HL-MWH4,H,202405,11,2.8,3.7,3.4
{,324A,WA-AB12HR-MWH6,H,202405,10,0,4.5,5.1
{,324A,PP-AC07HR-MWH5,H,202405,11,8.2,4.3,4.4
{,324A,MM-AD055HR-MWH4,G,202405,10,7.2,7,7.6
{,324A,LL-BA065HL-MWH4,F,202405,11,32.3,19.2,17.5
{,324A,PP-AD06HR-MWH4,F,202405,12,19.8,10.1,10.5
{,324A,MM-AB065HL-MWH4,F,202405,11,18.8,16.4,16.5
{,324A,YY-AC09HL-MWH4,E,202405,11,16.7,20.4,20.1
{,324A,DG-BA06HR-MTW8,F,202405,11,12.5,11.2,10.5
{,324A,LL-AB08HL-MWH4,F,202405,11,11.5,15,14.8
{,324A,DD-AA08HL-MWH4,F,202405,11,5.2,19.2,20.6
{,324A,NTFL296,G,202405,11,4.8,6.8,6.6
{,324A,NTFL298,H,202405,10,3.8,4.1,4.5
{,324A,YY-AB12HL-MWH6,G,202405,10,8.5,5.5,5.6
{,324A,DG-AD065HR-MTW8,H,202405,10,7.6,4,2.4
{,324A,DC-AC07HR-MTW8,H,202405,9,3.8,3.2,3.4
{,324A,MM-BB07HR-MWH4,H,202405,10,2.8,2.9,3.2
{,324A,WA-BB06HR-MWH4,H,202405,9,10.3,4.5,4.4
{,324A,YY-AA06HL-MWH5,G,202405,12,10.3,8,7.4
{,324A,DF-AC065HL-MTW8,G,202405,10,7.2,7.8,8.1
{,324A,PP-AE07HR-MWH4,F,202405,12,31.3,12.3,12
{,324A,LL-AC08HL-MWH4,F,202405,14,21.9,19.7,18.9
{,324A,WA-BA055HR-MWH4,E,202405,9,19.8,21.5,20.6
{,324A,PP-AC09HR-MWH4,F,202405,10,14.6,11.5,9.8
{,324A,LL-AD06HR-MWH4,G,202405,9,13.6,8.7,8.6
{,324A,WA-AD055HR-MWH4,F,202405,10,13.6,14.2,14.3
{,324A,DK-AC07HR-MTW8,F,202405,11,12.5,15.9,16.7
{,324A,WA-AA08HR-MWH5,G,202405,9,9.4,9.3,9.3
{,324A,LL-AB09HR-MWH4,F,202405,11,8.3,12.5,12.9
{,324A,YY-AA06HR-MWH5,F,202405,12,7.3,12.3,12
{,324A,DD-AH055HL-MWH4,G,202405,9,6.3,6.5,6.5
{,324A,YY-AA07Z-MHFW,F,202405,13,9.2,11.7,11.8
{,324A,LL-AA065Z-MHFW,F,202405,9,5.7,10.5,11.2
{,324A,NTFL295,G,202405,12,11.9,9.8,8
{,324A,NTFP296,G,202405,9,7.6,8.5,9.2
{,324A,MM-BB06HR-MWH4,H,202405,9,1.9,4.6,4.9
{,324A,PP-AC07HL-MWH5,H,202405,9,10.3,4.6,5.2
{,324A,YY-AC06HL-MWH5,F,202405,8,8.2,11.3,12
{,324A,MM-AC09HR-MWH4,F,202405,9,7.2,10.5,7.9
{,324A,YY-AC12HR-MWH6,H,202405,12,4.1,4.9,5.2
{,324A,DF-AC065HR-MTW8,G,202405,8,3.1,8.1,7.9
{,324A,LL-AA08HR-MWH4,G,202405,10,32.3,8.8,8.6
{,324A,MM-AA06HR-MWH4,F,202405,10,31.3,16.3,16
{,324A,YY-AA065HL-MWH5,F,202405,9,19.8,12.1,12.2
{,324A,PP-AE07HL-MWH4,F,202405,10,18.8,11,11.7
{,324A,WA-AD06HL-MWH4,F,202405,9,18.8,18,19.6
{,324A,YY-BB06HR-MWH4,F,202405,9,13.6,12.5,11.7
{,324A,PP-AD06HL-MWH4,G,202405,10,12.5,9.2,8.8
{,324A,YY-AA065HR-MWH5,F,202405,8,12.5,15,14.1
{,324A,YY-AE055HR-MWH4,F,202405,9,12.5,10.1,10
{,324A,LL-BB07HR-MWH4,G,202405,9,11.5,9.5,8.4
{,324A,MM-AH055HR-MWH4,F,202405,9,10.4,10.7,11
{,324A,MM-BA055HR-MWH4,F,202405,8,10.4,10.1,10.5
{,324A,LL-AC07HR-MWH5,G,202405,9,9.4,7.6,7.4
{,324A,MM-AE06HR-MWH4,F,202405,9,8.3,10.6,9.6
{,324A,DD-BA07HL-MWH4,G,202405,9,5.2,5.5,6
{,324A,MM-AH08HR-MWH4,F,202405,12,4.2,13.4,13.9
{,324A,DK-AC07HL-MTW8,F,202405,9,2.1,14.5,14.8
{,324A,MM-AA065Z-MHFW,F,202405,8,18.3,13,13
{,324A,YY-AB00HL-MHFT,F,202405,11,18.3,15.2,10.7
{,324A,WA-AB00HL-MHFT,F,202405,12,10.3,12.6,12.1
{,324A,WA-AB065Z-MHFW,G,202405,9,4.6,5.5,5.5
{,324A,NTFY297,H,202405,11,6.7,4.5,5.4
{,324A,NTFP297,G,202405,11,5.4,7.3,7.4
{,324A,PP-BB065HR-MWH4,H,202405,8,8.5,3.1,3.4
{,324A,LL-AA09HL-MWH4,G,202405,8,5.7,6.3,5.1
{,324A,ED-AC065HL-MTW8,H,202405,8,2.8,1.7,1.5
{,324A,MM-AC065HL-MWH5,H,202405,8,1.9,3.1,3.2
{,324A,MM-BB07HL-MWH4,H,202405,8,1.9,4.3,3.6
{,324A,WA-AH09HR-MWH4,G,202405,9,10.3,5.1,4.9
{,324A,LL-AA065HL-MWH4,G,202405,8,7.2,8.8,8.8
{,324A,DD-AC09HL-MWH4,G,202405,8,5.1,5.7,5.2
{,324A,DB-AC065HR-MTW8,H,202405,8,4.1,3.7,3.2
{,324A,DC-AC065HL-MTW8,F,202405,7,1,13.7,13
{,324A,WA-AD06HR-MWH4,F,202405,8,20.9,19.6,20.3
{,324A,PP-BA055HR-MWH4,F,202405,9,17.7,10.4,10
{,324A,MM-AA065HL-MWH4,F,202405,9,16.7,12.9,12.9
{,324A,PP-AE06HR-MWH4,F,202405,7,14.6,10.9,10.5
{,324A,DD-AB065HR-MWH4,F,202405,13,12.5,12.3,12.4
{,324A,PP-AA055HR-MWH5,F,202405,10,11.5,10.1,9.6
{,324A,WA-AB06HL-MWH4,E,202405,12,11.5,24.9,25.6
{,324A,DE-AC07HR-MTW8,F,202405,8,9.4,10.7,10.5
{,324A,PP-AE06HL-MWH4,F,202405,8,8.3,11,12.7
{,324A,MM-AH08HL-MWH4,F,202405,8,7.3,15.5,16
{,324A,DD-AD065HL-MWH4,F,202405,8,1,10.6,12
{,324A,NTFL368,H,202405,8,4.8,2.4,2.1
{,324A,NTFP295,F,202405,10,8.7,11.1,12.2
{,324A,LL-BB07HL-MWH4,G,202405,7,4.7,8,5.8
{,324A,MM-BB06HL-MWH4,H,202405,7,4.7,4.8,5.1
{,324A,PP-AD08HL-MWH4,H,202405,7,1.9,2.3,2.4
{,324A,WA-AB12HL-MWH6,G,202405,7,10.3,5.3,5.4
{,324A,LL-AB09HL-MWH4,F,202405,6,6.2,14,14.7
{,324A,DD-AD06HL-MWH4,H,202405,10,4.1,4.6,4.2
{,324A,MM-AB12HR-MWH6,G,202405,7,4.1,5.4,5.6
{,324A,LL-AB065HL-MWH4,F,202405,8,18.8,16.1,16
{,324A,LL-AE065HR-MWH4,F,202405,6,12.5,10.9,11
{,324A,LL-AC09HR-MWH4,G,202405,7,10.4,8.8,9.3
{,324A,LL-BA06HL-MWH4,F,202405,10,10.4,16.3,18.2
{,324A,LL-AE06HR-MWH4,G,202405,7,8.3,9.9,8.6
{,324A,LL-BA055HL-MWH4,G,202405,7,8.3,5.2,4.8
{,324A,DD-BA07HR-MWH4,G,202405,7,6.3,5,5
{,324A,PP-AD055HR-MWH4,G,202405,7,6.3,8.2,7.7
{,324A,WA-BA08HL-MWH4,G,202405,6,6.3,6,6.2
{,324A,YY-AB055Z-MHFW,F,202405,7,19.5,13.2,11.4
{,324A,NTFP284,H,202405,7,3.8,2.3,1.8
{,324A,NTFP287,H,202405,7,3.8,3.4,3.9
{,324A,NTFL294,H,202405,7,2.9,2.8,3.3
{,324A,NTFY298,H,202405,7,1,3.6,3.9
{,324A,WA-AB08Z-MHFW,H,202405,8,6.7,2.7,2.5
{,324A,DG-AB09HL-MTW8,H,202405,6,7.6,4.8,4.6
{,324A,DG-AD065HL-MTW8,H,202405,6,4.7,3.8,4.1
{,324A,YY-AC055HL-MWH5,H,202405,6,4.7,4.5,4.4
{,324A,MM-AE055HL-MWH4,H,202405,6,2.8,2.8,2.7
{,324A,PP-AC12HR-MWH6,H,202405,6,2.8,3.5,3.6
{,324A,DG-AB06HL-MTW8,G,202405,6,0.9,5.8,6.1
{,324A,MM-AE065HR-MWH4,G,202405,6,13.3,8.6,8.6
{,324A,PP-BA055HL-MWH4,F,202405,7,26.1,10.7,8.8
{,324A,WA-AE065HR-MWH4,E,202405,9,26.1,22.6,21.8
{,324A,LL-AA08HL-MWH4,F,202405,6,15.6,10.6,10.8
{,324A,DD-BA055HL-MWH4,G,202405,12,10.4,8.7,8.8
{,324A,LL-AC07Z-MHFW,F,202405,7,16,17.5,16.4
{,324A,WA-AB00HR-MHFT,F,202405,5,4.6,10.7,9.8
{,324A,NTFP293,G,202405,7,3.8,6.8,7.5
{,324A,NTFL292,H,202405,6,2.9,2.3,2.4
{,324A,NTFP289,H,202405,6,2.9,1.9,1.8
{,324A,LL-AE055HL-MWH4,G,202405,5,6.6,6,5.6
{,324A,DB-AC07HL-MTW8,H,202405,5,4.7,3.7,3.2
{,324A,PP-AC065HR-MWH5,H,202405,5,4.7,3.8,4.1
{,324A,PP-AC065HL-MWH5,H,202405,5,3.8,4,4.1
{,324A,LL-AD08HL-MWH4,H,202405,5,2.8,3.1,3.6
{,324A,DD-AD055HR-MWH4,H,202405,8,1.9,2.5,2.4
{,324A,DK-AC055HL-MTW8,G,202405,5,0.9,5.2,5.4
{,324A,WA-AE055HL-MWH4,G,202405,5,7.2,5.3,4.7
{,324A,DB-AC065HL-MTW8,G,202405,5,6.2,5.1,5.6
{,324A,MM-AA06HL-MWH4,E,202405,8,32.3,20.8,18.4
{,324A,PP-AD07HR-MWH4,E,202405,6,31.3,21.5,20.3
{,324A,WA-AA08HL-MWH5,F,202405,5,11.5,10.6,10.5
{,324A,DD-AA09HL-MWH4,H,202405,5,8.3,4.4,4.5
{,324A,DD-BA055HR-MWH4,G,202405,8,7.3,8.8,8.6
{,324A,YY-AB08Z-MHFW,G,202405,5,12.6,7.5,4.1
{,324A,MM-AB00HR-MHFT,F,202405,5,3.4,13.6,11.8
{,324A,NTFL285,H,202405,6,6.7,3.4,2.7
{,324A,NTFL289,H,202405,5,1,2.3,2.4
{,324A,WA-AB055HL-MWH5,G,202405,4,9.5,6.9,7.1
{,324A,YY-AC055HR-MWH5,H,202405,4,8.5,4.1,4.9
{,324A,DD-AB12HR-MWH6,H,202405,10,4.7,4,4.4
{,324A,DG-AB09HR-MTW8,G,202405,4,4.7,6.6,5.8
{,324A,LL-AC12HR-MWH6,H,202405,4,4.7,3.5,3.9
{,324A,LL-BB065HR-MWH4,G,202405,4,4.7,5.2,4.6
{,324A,LL-BB06HL-MWH4,H,202405,6,4.7,3.5,3.6
{,324A,EF-AC055HR-MTW8,G,202405,6,3.8,6,6.6
{,324A,LL-AE055HR-MWH4,H,202405,4,2.8,4.8,4.6
{,324A,MM-AH06HL-MWH4,H,202405,4,1.9,4.3,4.6
{,324A,PP-AB12HL-MWH6,H,202405,5,1.9,3.1,2.9
{,324A,YY-AC07HR-MWH5,G,202405,5,1.9,6.6,7.1
{,324A,PP-AD055HL-MWH4,G,202405,4,14.4,8.9,9.3
{,324A,DG-AB07HL-MTW8,G,202405,4,9.2,8.1,8.6
{,324A,DD-AB065HL-MWH4,F,202405,10,8.2,11.9,12.3
{,324A,WA-AC055HR-MWH5,H,202405,4,7.2,4.5,4.9
{,324A,YY-AC06HR-MWH5,G,202405,6,5.1,6.5,7.1
{,324A,DB-AC07HR-MTW8,H,202405,4,4.1,4.9,4.9
{,324A,MM-BA07HL-MWH4,F,202405,4,14.6,10.9,10.5
{,324A,DD-AA065HR-MWH4,F,202405,4,12.5,11.8,12
{,324A,DD-AC08HL-MWH4,F,202405,4,12.5,12,12.2
{,324A,DD-AA065HL-MWH4,G,202405,4,11.5,9.8,9.8
{,324A,DG-AB055HL-MTW8,G,202405,4,10.4,9.8,10.3
{,324A,LL-AE065HL-MWH4,F,202405,4,9.4,10.1,10.3
{,324A,LL-BA055HR-MWH4,G,202405,6,9.4,8.7,9.1
{,324A,MM-AA09HL-MWH4,G,202405,6,9.4,6.5,5.7
{,324A,MM-BA07HR-MWH4,F,202405,4,8.3,10.6,9.6
{,324A,PP-AE065HL-MWH4,G,202405,4,8.3,9.3,9.1
{,324A,WA-AA065HR-MWH5,F,202405,4,5.2,12.1,11
{,324A,DD-AA09HR-MWH4,G,202405,4,4.2,7.6,6.2
{,324A,PP-BB07HR-MWH4,G,202405,6,3.1,5.4,4.8
{,324A,WA-BA08HR-MWH4,G,202405,4,3.1,5.8,6
{,324A,NTFP283,H,202405,4,8.7,4.1,3
{,324A,NTFL287,G,202405,4,4.8,5.3,4.8
{,324A,NTFL293,H,202405,4,3.8,4.7,5.1
{,324A,NTFP291,G,202405,4,3.8,6.8,7.5
{,324A,NTFP298,H,202405,6,3.8,4.1,3.6
{,324A,NTFY368,H,202405,4,3.8,4.3,4.2
{,324A,NTFL290,H,202405,4,2.9,2.4,2.1
{,324A,NTFP286,H,202405,6,1,2.8,3
{,324A,YY-AE08HL-MWH4,H,202405,3,6.6,3.2,3.4
{,324A,DD-AA055HR-MWH5,G,202405,3,5.7,6.6,5.1
{,324A,MM-AA055HR-MWH5,H,202405,3,5.7,3.2,3.4
{,324A,MM-AC07HL-MWH5,G,202405,3,4.7,5.5,5.4
{,324A,WA-AC07HL-MWH5,H,202405,3,4.7,3.5,3.4
{,324A,PP-AC12HL-MWH6,H,202405,3,3.8,2.5,2.7
{,324A,WA-AB055HR-MWH5,H,202405,3,3.8,4.5,3.9
{,324A,LL-AC06HR-MWH5,H,202405,3,2.8,2.5,2.9
{,324A,LL-AC055HL-MWH5,H,202405,3,1.9,4,4.1
{,324A,MM-BB065HL-MWH4,H,202405,3,1.9,3.8,3.9
{,324A,PP-AA08HR-MWH5,H,202405,3,0.9,1.4,1
{,324A,DD-AH08HL-MWH4,G,202405,3,8.2,5.6,6.1
{,324A,PP-AE055HR-MWH4,G,202405,3,8.2,8.1,8.1
{,324A,DD-AD065HR-MWH4,F,202405,3,19.8,12.5,13.2
{,324A,LL-AA06HR-MWH4,G,202405,8,13.6,8.5,8.4
{,324A,WA-AA06HR-MWH5,F,202405,3,10.4,10.1,10.8
{,324A,WA-AA06HL-MWH5,G,202405,3,9.4,6,6
{,324A,MM-AE065HL-MWH4,F,202405,3,8.3,12,11.7
{,324A,WA-AH065HR-MWH4,F,202405,3,8.3,14.8,14.1
{,324A,YY-BB065HR-MWH4,G,202405,4,5.2,6.8,6.9
{,324A,LL-AA09HR-MWH4,F,202405,3,4.2,12.9,11
{,324A,MM-AH055HL-MWH4,F,202405,3,4.2,12,12.4
{,324A,DG-AA055HR-MTW8,G,202405,6,2.1,5,4.3
{,324A,LL-AG00HR-MHFT,H,202405,3,5.7,4.4,4.3
{,324A,MM-AB00HL-MHFT,F,202405,3,4.6,13.8,10.9
{,324A,NTFL288,H,202405,3,6.7,4.5,4.2
{,324A,NTFP288,H,202405,3,0,2.8,3.3
{,324A,WA-BB065HL-MWH4,H,202405,2,10.4,2.9,2.7
{,324A,WA-AE055HR-MWH4,G,202405,2,9.5,6.3,6.6
{,324A,EF-AC055HL-MTW8,H,202405,4,8.5,4.6,4.9
{,324A,YY-AD08HL-MWH4,G,202405,3,6.6,7.5,8.5
{,324A,YY-AC07HL-MWH5,H,202405,2,5.7,4.6,5.1
{,324A,DG-AA08HL-MTW8,H,202405,2,3.8,3.2,2.9
{,324A,DG-AB08HR-MTW8,H,202405,5,3.8,4.8,5.1
{,324A,ED-AC065HR-MTW8,H,202405,2,3.8,2.8,2.4
{,324A,MM-AE055HR-MWH4,H,202405,2,3.8,4.1,4.4
{,324A,PP-BB06HL-MWH4,H,202405,2,3.8,4.5,4.6
{,324A,MM-AC12HL-MWH6,H,202405,2,2.8,4.1,4.1
{,324A,MM-AH065HL-MWH4,H,202405,2,2.8,3.1,3.2
{,324A,YY-BB055HL-MWH4,H,202405,3,2.8,4.3,4.4
{,324A,DK-AC055HR-MTW8,H,202405,2,1.9,4.8,5.4
{,324A,DD-AC12HL-MWH6,H,202405,2,0,1.8,1.5
{,324A,YY-AB12HR-MWH6,G,202405,3,13.3,7,6.6
{,324A,WA-BB06HL-MWH4,H,202405,2,7.2,4.6,5.4
{,324A,DD-AH08HR-MWH4,G,202405,2,6.2,5.7,5.9
{,324A,EH-AC065HR-MTW8,G,202405,2,6.2,5.7,5.9
{,324A,WA-AC055HL-MWH5,G,202405,2,5.1,5.3,5.4
{,324A,YY-AC065HL-MWH5,H,202405,4,4.1,3.7,3.4
{,324A,YY-BB065HL-MWH4,G,202405,2,13.6,5,5.3
{,324A,YY-BB07HR-MWH4,H,202405,2,8.3,4.9,5
{,324A,YY-BB07HL-MWH4,G,202405,2,7.3,6,5
{,324A,PP-AE055HL-MWH4,G,202405,2,6.3,6.8,6.7
{,324A,YY-AB065Z-MHFW,G,202405,5,8,8.4,7.1
{,324A,MM-AB055Z-MHFW,F,202405,2,6.9,11.7,9.1
{,324A,NTFL286,H,202405,2,5.8,2.6,2.4
{,324A,NTFP285,H,202405,4,5.8,3.8,3.9
{,324A,NTFL284,H,202405,2,4.8,2.1,2.1
{,324A,NTFP290,H,202405,2,2.9,2.1,2.1
{,324A,NTFL283,H,202405,2,1.9,1.7,1.8
{,324A,LL-BB06HR-MWH4,H,202405,1,8.5,3.8,3.6
{,324A,DG-AC08HL-MTW8,H,202405,1,7.6,2.9,2.4
{,324A,LL-AC065HL-MWH5,H,202405,1,7.6,2.5,2.4
{,324A,WA-AC06HR-MWH5,H,202405,1,6.6,3.5,3.6
{,324A,YY-AE08HR-MWH4,H,202405,1,6.6,4.9,5.6
{,324A,DD-AE07HL-MWH4,H,202405,1,5.7,3.5,3.4
{,324A,MM-AC12HR-MWH6,H,202405,1,4.7,4.6,4.6
{,324A,YY-AC065HR-MWH5,H,202405,3,4.7,4,4.1
{,324A,YY-AC12HL-MWH6,H,202405,4,4.7,3.4,3.4
{,324A,DG-AA07HR-MTW8,H,202405,1,3.8,3.2,3.2
{,324A,LL-AC12HL-MWH6,H,202405,1,3.8,2.8,2.7
{,324A,LL-AD08HR-MWH4,H,202405,1,3.8,3.8,3.9
{,324A,WA-BB07HR-MWH4,H,202405,2,3.8,2.6,2.9
{,324A,DG-AA07HL-MTW8,H,202405,1,2.8,3.1,2.9
{,324A,DK-AC06HL-MTW8,G,202405,1,2.8,5.1,5.6
{,324A,WA-BB065HR-MWH4,H,202405,1,2.8,4.3,4.1
{,324A,DG-AC08HR-MTW8,H,202405,1,1.9,2.3,1.9
{,324A,PP-BA08HR-MWH4,H,202405,1,1.9,3.8,2.7
{,324A,WA-AC07HR-MWH5,H,202405,1,1.9,4.6,5.1
{,324A,WA-BB07HL-MWH4,H,202405,1,1.9,2.5,2.4
{,324A,MM-AA07HR-MWH5,Z,202405,1,0.9,0.9,1
{,324A,PP-AD08HR-MWH4,H,202405,1,0,3.5,2.9
{,324A,DG-AB055HR-MTW8,G,202405,2,9.2,8.1,8.1
{,324A,DG-AB08HL-MTW8,G,202405,1,9.2,6.1,6.4
{,324A,YY-AD08HR-MWH4,G,202405,1,7.2,9.1,9.3
{,324A,DD-AD07HL-MWH4,G,202405,1,6.2,6.1,6.1
{,324A,EH-AC065HL-MTW8,G,202405,4,6.2,6.2,4.9
{,324A,MM-AB12HL-MWH6,H,202405,2,4.1,4.3,4.4
{,324A,PP-BB07HL-MWH4,H,202405,1,7.3,3.5,2.4
{,324A,DD-AA055HL-MWH5,G,202405,1,5.2,6.5,5.7
{,324A,DG-AA055HL-MTW8,G,202405,26,1,6,6.2
{,324A,MM-AH07HL-MWH4,G,202405,1,1,7.7,7.4
{,324A,NTFL291,H,202405,3,3.8,3,3
{,324A,NTFL369,H,202405,1,3.8,3.4,3.6
{,324A,NTFP294,G,202405,2,3.8,6.8,7.2
{,324A,NTFP292,G,202405,2,1.9,5.7,6.3
{,324A,PP-BB06HR-MWH4,G,202405,1,4.7,5.1,5.6
{,324A,DG-AA08HR-MTW8,H,202405,0,3.8,4.3,4.9
{,324A,LL-AC065HR-MWH5,H,202405,0,3.8,4.9,5.1
{,324A,DK-AC06HR-MTW8,G,202405,0,2.8,6.8,7.3
{,324A,YY-BB055HR-MWH4,H,202405,0,2.8,3.4,3.6
{,324A,MM-AA08HL-MWH5,H,202405,0,1.9,1.8,1.9
{,324A,MM-AA08HR-MWH5,H,202405,1,1.9,2.3,2.4
{,324A,MM-AC07HR-MWH5,G,202405,0,1.9,5.7,5.8
{,324A,MM-AH065HR-MWH4,H,202405,0,0,2.9,3.4
{,324A,MM-AA055HL-MWH5,G,202405,0,5.2,7.9,8.1
{,324A,WA-AB07Z-MHFW,G,202405,0,13.7,5.6,5.9
{,324A,WA-AB055Z-MHFW,F,202405,0,8,10.8,9.1
{,324A,MM-AB065Z-MHFW,G,202405,0,5.7,5.3,5.5
{,324A,NTFP368,G,202405,0,1,5.1,3.9
{,324A,DD-AD07HR-MWH4,G,202405,0,9.2,7.5,7.4
,527B,WA-AD06H-MBN9,H,202405,7,9.5,4.6,5.3
,527B,DN-AA065H-MBB9,H,202405,4,8.6,3.8,4.1
,527B,EK-AA065H-MBB9,H,202405,5,8.6,2,2.5
,527B,MM-AB07HJ-MBN9,H,202405,1,7.8,1.6,1.8
,527B,PP-AA08HJA-MBN9,H,202405,1,6.9,2.9,3.4
,527B,DD-AB07HJ-MBN9,H,202405,4,6,1.3,0.9
,527B,PP-AB06H-MBA9,H,202405,4,6,2.7,1.8
,527B,DN-AA055HJA-MBP9,H,202405,4,5.2,3.3,4.1
,527B,DT-AA065H-MBP9,H,202405,3,5.2,3.8,3.9
,527B,DZ-AA08H-MBB9,H,202405,5,5.2,2.1,2.5
,527B,LL-GA065H-MBND,H,202405,4,5.2,2.4,2.5
,527B,DK-AA065HJ-MBP9,H,202405,0,4.3,1.7,1.8
,527B,LL-AB06HJA-MBA9,H,202405,1,4.3,3.2,3
,527B,LL-AF065H-MBN9,H,202405,1,4.3,1.6,1.6
,527B,MM-YA055HJ-MBND,H,202405,0,4.3,1.2,1.6
,527B,PP-AB065HJA-MBA9,H,202405,1,4.3,2.3,2.3
,527B,WA-AB055H-MBN9,H,202405,3,3.7,3.1,3.5
,527B,DD-AB055HJA-MBA9,H,202405,1,3.5,1.2,1.1
,527B,DD-AB07HJA-MBN9,H,202405,1,3.5,1.5,1.6
,527B,DK-AA08H-MBP9,H,202405,1,3.5,1.2,0.9
,527B,DZ-AA06HJA-MBB9,H,202405,1,3.5,1.9,1.8
,527B,EH-AA055HJA-MBB9,H,202405,5,3.5,3.3,3.9
,527B,LL-YA06HJ-MBND,H,202405,1,3.5,3.3,3.9
,527B,LL-YA07HJ-MBND,H,202405,5,3.5,2.8,3
,527B,MM-YA06HJ-MBND,H,202405,4,3.5,1.1,1.4
,527B,PP-GA065H-MBND,H,202405,0,3.5,4.7,5.3
,527B,PP-GC065H-MBND,H,202405,2,3.5,1.3,1.6
,527B,PP-YA06HJ-MBND,H,202405,4,3.5,1.6,1.8
,527B,WA-GD07H-MBND,H,202405,4,3.5,3.3,2.5
,527B,YY-YA055HJ-MBND,H,202405,0,3.5,1.7,1.8
,527B,DD-AB08H-MBN9,H,202405,1,2.6,1.9,1.8
,527B,DJ-AA065HJ-MBP9,Z,202405,1,2.6,0.7,0.7
,527B,DK-AA06HJA-MBB9,H,202405,7,2.6,2.8,3
,527B,DT-AA055HJA-MBP9,H,202405,3,2.6,1.1,1.1
,527B,DT-AA06H-MBP9,H,202405,7,2.6,2.3,2.3
,527B,DV-AA06HJA-MBP9,H,202405,0,2.6,1.9,0.7
,527B,EK-AA07H-MBP9,H,202405,2,2.6,1.7,1.6
,527B,LL-YA055HJ-MBAD,H,202405,0,2.6,2.1,2.7
,527B,MM-AB065HJ-MBN9,H,202405,0,2.6,1.7,2.1
,527B,MM-AB06H-MBA9,H,202405,4,2.6,1.5,1.4
,527B,MM-AB07HJA-MBN9,H,202405,4,2.6,2.4,3
,527B,MM-YA055HJ-MBAD,H,202405,1,2.6,1.9,1.8
,527B,MM-YA07HJ-MBAD,H,202405,1,2.6,2.1,2.3
,527B,PP-AB07HJA-MBA9,H,202405,1,2.6,1.3,0.9
,527B,PP-AD065H-MBN9,H,202405,4,2.6,2.1,2.5
,527B,PP-YA055HJ-MBAD,H,202405,3,2.6,2.1,1.8
,527B,PP-YB055HJ-MBND,Z,202405,0,2.6,0.9,0.7
,527B,WA-AB06HJA-MBA9,H,202405,3,2.6,1.1,1.1
,527B,YY-AC065H-MBN9,H,202405,1,2.6,1.7,2.3
,527B,YY-AD055HJA-MBN9,Z,202405,0,2.6,0.9,1.1
,527B,DD-AA09HJ-MBN9,H,202405,4,1.7,3.5,3.7
,527B,DD-AA09H-MBA9,H,202405,0,1.7,1.3,1.4
,527B,DD-AB06HJA-MBN9,H,202405,1,1.7,1.7,1.8
,527B,DD-AD055HJA-MBN9,H,202405,0,1.7,1.7,1.8
,527B,DE-AA06HJA-MBP9,H,202405,1,1.7,1.7,1.8
,527B,DF-AA055HJA-MBB9,H,202405,0,1.7,2,2.1
,527B,DG-AA06HJ-MBB9,H,202405,7,1.7,1.3,1.6
,527B,DJ-AA065HJA-MBB9,H,202405,3,1.7,1.7,1.8
,527B,DK-AA07HJA-MBB9,H,202405,4,1.7,2.4,3
,527B,DY-AA055HJA-MBB9,H,202405,3,1.7,2.3,2.5
,527B,DY-AA07H-MBB9,H,202405,1,1.7,2.5,2.7
,527B,DZ-AA07HJA-MBP9,Z,202405,1,1.7,0.9,0.9
,527B,ED-AA06HJA-MBP9,Z,202405,1,1.7,0.9,0.7
,527B,EJ-AA065H-MBB9,H,202405,4,1.7,4.6,5.5
,527B,EK-AA055HJA-MBP9,H,202405,0,1.7,1.6,1.6
,527B,LL-AC055HJA-MBN9,H,202405,0,1.7,2,2.1
,527B,LL-YA07HJ-MBAD,H,202405,1,1.7,4,3.7
,527B,MM-AA08HJA-MBN9,H,202405,0,1.7,2,2.1
,527B,MM-GA065H-MBND,H,202405,1,1.7,2.1,1.8
,527B,MM-GB07H-MBND,Z,202405,4,1.7,0.7,0.7
,527B,MM-YH055HJ-MBND,H,202405,7,1.7,1.6,1.6
,527B,PP-AA08HJA-MBA9,H,202405,5,1.7,3.2,3
,527B,PP-AB06HJA-MBA9,H,202405,4,1.7,1.6,2.1
,527B,PP-GA065H-MBAD,H,202405,2,1.7,3.6,3.7
,527B,WA-AA055HJ-MBA9,Z,202405,1,1.7,0.9,0.9
,527B,WA-AB065HJ-MBN9,H,202405,1,1.7,1.1,1.1
,527B,WA-AB07HJ-MBN9,H,202405,5,1.7,2.5,3.2
,527B,WA-AD07H-MBA9,H,202405,0,1.7,1.5,1.6
,527B,WA-GA06H-MBND,H,202405,4,1.7,2.7,2.3
,527B,WA-YA065HJ-MBND,H,202405,1,1.7,1.3,1.4
,527B,YY-AA09HJ-MBA9,H,202405,8,1.7,2.4,2.7
,527B,DD-AC055HJA-MBN9,H,202405,0,0.9,1.9,1.4
,527B,DD-AC065H-MBA9,Z,202405,0,0.9,0.5,0.2
,527B,DD-YA06HJ-MBND,H,202405,3,0.9,1.5,1.6
,527B,DE-AA06HJA-MBB9,H,202405,2,0.9,2.1,2.1
,527B,DJ-AA065HJA-MBP9,H,202405,0,0.9,4.3,5
,527B,DJ-AA08H-MBP9,Z,202405,0,0.9,0.9,0.5
,527B,DY-AA06H-MBB9,H,202405,1,0.9,2.3,2.3
,527B,ED-AA055HJA-MBB9,H,202405,3,0.9,2.8,3
,527B,ED-AA065HJA-MBP9,H,202405,1,0.9,1.2,0.9
,527B,EJ-AA065H-MBP9,H,202405,5,0.9,1.9,1.4
,527B,LL-AB055HJA-MBA9,H,202405,10,0.9,3.9,4.1
,527B,LL-AB065HJA-MBN9,Z,202405,4,0.9,0.9,0.9
,527B,LL-AB07HJA-MBN9,H,202405,1,0.9,1.5,1.6
,527B,LL-AB08H-MBN9,Z,202405,1,0.9,0.1,0
,527B,LL-GA065H-MBAD,H,202405,1,0.9,1.6,1.6
,527B,LL-GA08H-MBND,H,202405,2,0.9,1.3,1.6
,527B,LL-YA065HJ-MBND,H,202405,0,0.9,1.9,1.4
,527B,MM-AA09H-MBA9,H,202405,3,0.9,2.1,2.3
,527B,MM-AB065HJA-MBA9,Z,202405,0,0.9,0.9,0.9
,527B,MM-AB07HJA-MBA9,H,202405,0,0.9,1.7,1.4
,527B,MM-AB08H-MBN9,G,202405,8,0.9,6.8,4.1
,527B,MM-AF065H-MBA9,H,202405,0,0.9,1.6,1.4
,527B,MM-GA08H-MBND,H,202405,3,0.9,1.6,1.8
,527B,MM-GC07H-MBND,Z,202405,0,0.9,0.9,0.9
,527B,PP-AF07H-MBA9,H,202405,1,0.9,2,1.8
,527B,PP-GC07H-MBND,Z,202405,3,0.9,0.8,0.7
,527B,WA-AB065HJA-MBA9,H,202405,4,0.9,1.9,2.1
,527B,WA-AB08H-MBA9,H,202405,1,0.9,2.3,2.5
,527B,WA-AC065H-MBA9,H,202405,0,0.9,1.1,1.1
,527B,WA-AC07H-MBA9,H,202405,2,0.9,1.9,1.6
,527B,WA-GB07H-MBND,Z,202405,0,0.9,0.5,0.5
,527B,WA-GC07H-MBND,H,202405,0,0.9,1.9,2.3
,527B,WA-GD065H-MBND,Z,202405,1,0.9,0.9,0.7
,527B,YY-AA08HJA-MBN9,H,202405,4,0.9,2.5,3
,527B,YY-GA065H-MBND,H,202405,4,0.9,2.9,1.4
,527B,DD-AB065HJA-MBN9,Z,202405,1,0,0.7,0.7
,527B,DD-AC06H-MBN9,Z,202405,0,0,0.5,0.5
,527B,DD-AD065H-MBN9,H,202405,0,0,1.5,1.1
,527B,DD-AF07H-MBN9,H,202405,4,0,3.1,3
,527B,DD-YA07HJ-MBND,H,202405,1,0,1.5,1.4
,527B,DJ-AA07HJA-MBB9,Z,202405,4,0,0.7,0.5
,527B,DJ-AA07HJA-MBP9,Z,202405,1,0,0.9,1.1
,527B,DL-AA065HJA-MBP9,Z,202405,0,0,0.7,0.5
,527B,EJ-AA07H-MBP9,H,202405,0,0,1.7,1.6
,527B,LL-AB06H-MBA9,H,202405,1,0,2.1,2.1
,527B,LL-AB07HJ-MBN9,H,202405,0,0,1.1,0.9
,527B,LL-AB08H-MBA9,H,202405,1,0,1.2,1.4
,527B,LL-AF055HJA-MBN9,H,202405,3,0,1.2,1.4
,527B,LL-GC07H-MBND,H,202405,0,0,1.2,1.4
,527B,LL-GD065H-MBND,Z,202405,1,0,0.1,0
,527B,LL-YH055HJ-MBND,H,202405,3,0,1.5,1.6
,527B,MM-AB06HJ-MBN9,H,202405,0,0,2.1,1.8
,527B,MM-AD065H-MBN9,H,202405,4,0,3.5,3.7
,527B,MM-AD07H-MBN9,H,202405,1,0,1.6,1.8
,527B,PP-AB065HJ-MBN9,H,202405,0,0,1.1,0.7
,527B,PP-AC065H-MBA9,H,202405,0,0,3.1,3.2
,527B,PP-GB07H-MBND,Z,202405,0,0,0.9,0.7
,527B,WA-AB09H-MBN9,H,202405,1,0,1.6,1.4
,527B,YY-AC07H-MBN9,Z,202405,0,0,0.7,0
,527B,YY-AD065H-MBN9,Z,202405,1,0,0.4,0.2
,527B,YY-YA06HJ-MBND,G,202405,24,0,9,8
,527B,DD-AB06H-MBN9,C,202405,255,234.9,147.3,154.8
,527B,PP-AB08H-MBN9,H,202405,3,6.5,5,4.5
,527B,WA-GC065H-MBND,H,202405,1,4.3,2.6,1.7
,527B,WA-YH055HJ-MBND,H,202405,10,4.3,3.7,3.6
,527B,DR-AA055HJA-MBB9,H,202405,1,3.9,3.3,2.2
,527B,LL-AA055HJ-MBN9,H,202405,6,3.9,2.1,2.2
,527B,DN-AA065H-MBP9,H,202405,2,3.5,3.4,3.6
,527B,MM-AF055HJA-MBN9,H,202405,11,3.5,2.7,2.7
,527B,PP-AA06HJ-MBA9,H,202405,3,3.5,3.9,3.1
,527B,PP-YH055HJ-MBND,H,202405,3,3.5,1.3,1.3
,527B,WA-AB06H-MBA9,H,202405,1,3.5,1.8,1.7
,527B,EK-AA065H-MBP9,H,202405,4,3,2.4,2.5
,527B,MM-YA07HJ-MBND,H,202405,4,3,2.3,2.5
,527B,PP-AA08HJ-MBN9,H,202405,0,3,1.4,1.4
,527B,WA-AA09HJ-MBN9,H,202405,8,3,1.7,1.6
,527B,WA-AB08H-MBN9,H,202405,3,3,2.4,2.5
,527B,YY-GA07H-MBND,H,202405,2,3,2.4,2.5
,527B,DD-AA08HJ-MBN9,H,202405,7,2.6,4.2,3.8
,527B,DT-AA07H-MBP9,H,202405,3,2.6,1.8,1.6
,527B,EF-AA065HJA-MBB9,H,202405,4,2.6,3,3.1
,527B,PP-YA07HJ-MBND,H,202405,2,2.6,2.5,2.5
,527B,WA-AB065HJA-MBN9,H,202405,5,2.6,1.5,1.4
,527B,YY-AC055HJA-MBN9,H,202405,2,2.6,1.7,1.7
,527B,DD-AA055H-MBN9,H,202405,3,2.2,2.7,3
,527B,DF-AA07H-MBB9,H,202405,4,2.2,4.2,4.5
,527B,DF-AA07H-MBP9,H,202405,12,2.2,2.6,2.5
,527B,DL-AA055HJA-MBB9,H,202405,7,2.2,3.2,3.3
,527B,DN-AA06H-MBB9,H,202405,0,2.2,2.1,2.3
,527B,DX-AA07H-MBB9,H,202405,8,2.2,3.2,3.4
,527B,EE-AA07H-MBP9,H,202405,5,2.2,3,3
,527B,EF-AA08H-MBP9,H,202405,3,2.2,2.2,2
,527B,EJ-AA055HJA-MBP9,H,202405,1,2.2,1.4,1.6
,527B,LL-AA065HJ-MBA9,H,202405,1,2.2,1.7,1.4
,527B,WA-AC07H-MBN9,H,202405,0,2.2,3.7,3.8
,527B,DC-AA07H-MBB9,H,202405,11,1.7,4.7,5.3
,527B,DD-AA065HJA-MBA9,H,202405,8,1.7,3.6,3.8
,527B,DG-AA065HJ-MBP9,H,202405,8,1.7,4.2,3.9
,527B,DG-AA07HJ-MBB9,H,202405,5,1.7,3.7,3.8
,527B,DG-AA08H-MBP9,H,202405,1,1.7,2.7,2.7
,527B,DL-AA065H-MBB9,H,202405,5,1.7,3.5,3.1
,527B,DN-AA06H-MBP9,H,202405,1,1.7,2.4,2.5
,527B,DR-AA065H-MBB9,H,202405,1,1.7,2.5,2.2
,527B,DR-AA07H-MBB9,H,202405,1,1.7,3.6,3.1
,527B,DY-AA065H-MBB9,H,202405,0,1.7,2.5,2.8
,527B,DZ-AA06HJA-MBP9,H,202405,1,1.7,1.9,2
,527B,LL-AC065H-MBN9,H,202405,4,1.7,1.8,2
,527B,PP-AA09H-MBA9,H,202405,24,1.7,2.3,2.5
,527B,PP-YA055HJ-MBND,H,202405,4,1.7,2.2,2.2
,527B,WA-AA055H-MBA9,H,202405,1,1.7,1.8,1.6
,527B,WA-AA09H-MBA9,H,202405,4,1.7,1.9,2
,527B,WA-YA06HJ-MBND,Z,202405,0,1.7,0.4,0.3
,527B,YY-GA08H-MBND,H,202405,1,1.7,1.4,1.6
,527B,DB-AA07H-MBB9,H,202405,5,1.3,3.8,3.9
,527B,DD-AA055HJ-MBN9,H,202405,0,1.3,1.6,1.6
,527B,DG-AA055H-MBP9,H,202405,6,1.3,1.3,1.1
,527B,DG-AA065HJ-MBB9,H,202405,4,1.3,3.5,2.8
,527B,DK-AA065HJA-MBB9,H,202405,0,1.3,2.6,2.3
,527B,DK-AA07HJ-MBP9,H,202405,5,1.3,2.6,2
,527B,DN-AA07H-MBB9,H,202405,4,1.3,3,3.1
,527B,DT-AA065H-MBB9,H,202405,4,1.3,2.1,2.2
,527B,DT-AA07H-MBB9,H,202405,3,1.3,1.5,1.6
,527B,DZ-AA065HJA-MBP9,H,202405,3,1.3,1.8,1.7
,527B,ED-AA065H-MBB9,H,202405,7,1.3,4.5,4.5
,527B,EK-AA07H-MBB9,H,202405,7,1.3,2,2.2
,527B,LL-AA09HJ-MBN9,H,202405,1,1.3,1.8,1.9
,527B,LL-AB06HJA-MBN9,H,202405,5,1.3,1.7,1.7
,527B,LL-AB06H-MBN9,H,202405,1,1.3,4.7,5
,527B,LL-YA055HJ-MBND,H,202405,1,1.3,2.8,3.1
,527B,MM-AA065HJ-MBA9,H,202405,1,1.3,2.8,1.6
,527B,MM-GA07H-MBAD,H,202405,9,1.3,2.9,2.8
,527B,MM-YA065HJ-MBND,H,202405,2,1.3,2,1.4
,527B,PP-AD055HJA-MBN9,H,202405,3,1.3,2.2,2.5
,527B,PP-GC07H-MBAD,H,202405,0,1.3,2.2,2.5
,527B,WA-AB07HJA-MBN9,H,202405,5,1.3,2.6,2.3
,527B,WA-AD055HJA-MBN9,H,202405,16,1.3,1.5,1.6
,527B,WA-GA07H-MBAD,H,202405,0,1.3,1.9,1.4
,527B,DD-AD06H-MBN9,H,202405,0,0.9,1.5,1.3
,527B,DD-AF065H-MBN9,H,202405,3,0.9,1.8,1.7
,527B,DD-GA07H-MBND,H,202405,0,0.9,1.7,1.7
,527B,DF-AA065H-MBB9,H,202405,3,0.9,2.3,2.7
,527B,DK-AA065HJA-MBP9,H,202405,9,0.9,3,3.1
,527B,DX-AA055HJA-MBB9,H,202405,2,0.9,2.1,1.9
,527B,EE-AA055HJA-MBP9,H,202405,3,0.9,2.4,2.5
,527B,EF-AA065HJA-MBP9,H,202405,11,0.9,3.9,3.9
,527B,EH-AA07H-MBB9,H,202405,15,0.9,4.7,4.5
,527B,LL-AA08HJ-MBN9,H,202405,0,0.9,4,3.3
,527B,MM-AB06HJA-MBA9,H,202405,21,0.9,2.1,1.6
,527B,MM-AD055HJA-MBN9,H,202405,0,0.9,1.8,2
,527B,PP-AC07H-MBA9,H,202405,0,0.9,2.6,2.7
,527B,PP-AC07H-MBN9,H,202405,0,0.9,2.1,2
,527B,PP-YA065HJ-MBND,H,202405,1,0.9,1.1,1.1
,527B,WA-AF06H-MBN9,H,202405,1,0.9,1.9,0.8
,527B,DB-AA055HJA-MBB9,H,202405,1,0.4,2.6,2.3
,527B,DD-AB065H-MBA9,H,202405,5,0.4,1.6,1.7
,527B,DD-GA065H-MBND,Z,202405,0,0.4,1,0.2
,527B,DF-AA06H-MBP9,H,202405,9,0.4,1.6,1.3
,527B,DJ-AA06HJA-MBP9,H,202405,1,0.4,2.1,2
,527B,DK-AA08H-MBB9,H,202405,10,0.4,2.7,2.7
,527B,LL-GC07H-MBAD,H,202405,2,0.4,1.4,1.6
,527B,MM-AC055HJA-MBN9,H,202405,0,0.4,1.5,0.9
,527B,MM-AF065H-MBN9,H,202405,0,0.4,2,1.9
,527B,WA-GA08H-MBND,H,202405,1,0.4,2.9,2.7
,527B,WA-YA055HJ-MBND,H,202405,3,0.4,2.4,2
,527B,ED-AA07H-MBB9,H,202405,7,0,4.7,4.8
,527B,EE-AA065H-MBB9,H,202405,7,0,1.8,1.6
,527B,EJ-AA07H-MBB9,H,202405,0,0,2.4,2.3
,527B,LL-AC07H-MBA9,H,202405,0,0,1.4,1.3
,527B,LL-AF07H-MBN9,H,202405,1,0,1.3,1.3
,527B,WA-AC06H-MBN9,H,202405,0,0,2.2,2.5
,527B,WA-AB06H-MBN9,B,202405,211,231.7,222.1,226.4
,527B,YY-AA055HJA-MBN9,B,202405,258,202.9,237.2,241
,527B,YY-AA065H-MBN9,C,202405,179,177.4,183.6,187.7
,527B,MM-AB06H-MBN9,C,202405,151,170.6,163.9,167.2
,527B,YY-AA07H-MBN9,C,202405,141,157.3,151.6,154.4
,527B,YY-AA06H-MBN9,C,202405,119,148.8,144.9,146.2
,527B,WA-AB055HJA-MBN9,C,202405,154,142.9,134.7,137.3
,527B,WA-AA07H-MBN9,C,202405,120,136,130,128.8
,527B,MM-AB055HJA-MBN9,C,202405,92,127.3,119.6,121.9
,527B,WA-AA055HJA-MBN9,B,202405,143,122.2,204.5,195.2
,527B,YY-AA07H-MBA9,C,202405,137,116.9,143.1,145.1
,527B,MM-AA07H-MBN9,D,202405,66,115.8,91.3,92.9
,527B,WA-AA06H-MBN9,C,202405,74,110.5,129.4,131.3
,527B,DD-AB055HJA-MBN9,C,202405,134,105.2,100.8,102.8
,527B,YY-AA055HJA-MBA9,D,202405,67,104.1,88.6,90.4
,527B,WA-AA065H-MBN9,C,202405,146,100.9,151.6,150.7
,527B,MM-AA055HJA-MBN9,C,202405,73,98.8,125,118.8
,527B,PP-AA07H-MBN9,D,202405,102,95.6,86.8,86.4
,527B,PP-AB06H-MBN9,D,202405,72,95.2,91.1,92.9
,527B,MM-AA065H-MBN9,D,202405,40,92.4,65,64.3
,527B,PP-AA055HJA-MBN9,C,202405,120,92.4,108.4,110.4
,527B,PP-AA065H-MBN9,C,202405,120,91.4,102.3,107.1
,527B,YY-AA065H-MBA9,C,202405,75,80.8,114.9,120.2
,527B,DD-AA055HJA-MBN9,D,202405,80,79.7,63.8,64.5
,527B,WA-AA07H-MBA9,D,202405,92,77.6,79.5,82.4
,527B,WA-AA065H-MBA9,D,202405,72,71.2,55.1,55.9
,527B,LL-AA07H-MBN9,D,202405,30,69.1,57.2,52.9
,527B,PP-AA07H-MBA9,D,202405,70,69.1,68.1,69.6
,527B,LL-AA055HJA-MBN9,D,202405,64,66.9,63.6,63.6
,527B,YY-GC07H-MBAD,E,202405,0,66.9,29.7,31.4
,527B,LL-AA065H-MBN9,D,202405,41,65.9,56.5,58.2
,527B,MM-AA06H-MBN9,D,202405,63,65.9,53.4,54.7
,527B,YY-AA06H-MBA9,D,202405,71,60.6,68.7,66.6
,527B,PP-AB055HJA-MBN9,D,202405,50,58.3,54.9,56
,527B,DD-AA065H-MBN9,D,202405,44,54.2,51.2,50.5
,527B,LL-AA07H-MBA9,E,202405,43,54.2,40.2,38.7
,527B,PP-AA06H-MBN9,D,202405,51,53.1,61.8,61.5
,527B,DK-AA06H-MBP9,E,202405,26,52.1,28,27
,527B,MM-AA07H-MBA9,E,202405,53,51,46,44.5
,527B,WA-AA06HJA-MBN9,E,202405,26,51,38.8,36.3
,527B,MM-AA06H-MBA9,E,202405,64,49.9,49,50.1
,527B,WA-AA06H-MBA9,E,202405,43,49.9,46.3,45.4
,527B,YY-AA06HJA-MBN9,D,202405,35,47.8,54.2,53.3
,527B,PP-AA065H-MBA9,D,202405,38,45.7,51.5,50.5
,527B,PP-AA06HJA-MBN9,E,202405,30,45.7,27.9,28.9
,527B,DF-AA065H-MBP9,F,202405,1,43.6,18.6,18.9
,527B,DD-AA07H-MBN9,E,202405,61,41.4,35.6,37
,527B,LL-AA06H-MBN9,E,202405,35,40.4,26.2,26.5
,527B,WA-AA055HJA-MBA9,E,202405,22,40.4,40.5,41.5
,527B,DD-AA06H-MBN9,E,202405,23,39.3,31.1,33.8
,527B,DG-AA07H-MBP9,E,202405,55,39.3,41.7,40.5
,527B,PP-AA055HJA-MBA9,E,202405,26,38.3,38.2,39.8
,527B,YY-AA06HJA-MBA9,E,202405,47,38.3,27.7,28.2
,527B,YY-AA065HJA-MBN9,E,202405,29,37.2,32.7,33.8
,527B,DG-AA065H-MBP9,E,202405,34,36.1,40.8,40.1
,527B,DG-AA07H-MBB9,E,202405,36,36.1,31.8,33.1
,527B,PP-AA06H-MBA9,E,202405,24,35.1,38.1,39.8
,527B,DG-AA055HJA-MBP9,E,202405,42,32.9,40.8,43.3
,527B,EF-AA065H-MBP9,E,202405,36,32.9,29.7,33.3
,527B,MM-AA055HJA-MBA9,E,202405,45,32.9,33.5,33.1
,527B,EF-AA065H-MBB9,E,202405,40,31.9,29.4,28.4
,527B,WA-AA07HJ-MBN9,E,202405,29,31.9,25.7,21.7
,527B,WA-AA08H-MBA9,E,202405,24,31.9,22.7,22.8
,527B,WA-AB065H-MBN9,E,202405,37,31.9,20.9,15.8
,527B,YY-AA08H-MBN9,E,202405,26,31.9,26.8,27.7
,527B,DG-AA06H-MBP9,E,202405,45,30.8,30.8,30.5
,527B,DK-AA07H-MBP9,E,202405,24,30.8,25.3,25.4
,527B,DK-AA065H-MBP9,E,202405,33,29.8,27.6,26.8
,527B,EF-AA07H-MBB9,E,202405,23,29.8,33.8,32.1
,527B,LL-AA06HJA-MBN9,E,202405,26,29.8,25,23.3
,527B,LL-AA06H-MBA9,F,202405,26,29.8,15.8,16.3
,527B,WA-AA08H-MBN9,E,202405,21,29.8,39.1,41
,527B,YY-AA07HJA-MBN9,E,202405,21,29.8,25.4,25.6
,527B,YY-AA06HJ-MBN9,F,202405,16,28.7,18.4,18.6
,527B,YY-AA07HJ-MBN9,E,202405,29,28.7,21.3,20.7
,527B,DK-AA055HJA-MBP9,E,202405,19,27.6,23.8,24.5
,527B,LL-AA065HJA-MBN9,E,202405,5,27.6,20.1,14.2
,527B,PP-AA065HJA-MBN9,E,202405,28,27.6,27.4,27
,527B,DD-AA07H-MBA9,E,202405,44,26.6,23,22.8
,527B,DG-AA065H-MBB9,E,202405,36,26.6,28.3,29.1
,527B,EF-AA06H-MBP9,E,202405,27,26.6,20.6,20.5
,527B,EF-AA07H-MBP9,E,202405,20,25.5,23.1,25.2
,527B,YY-AA065HJ-MBN9,E,202405,33,25.5,27.4,28.2
,527B,MM-AA065H-MBA9,E,202405,47,24.4,29.4,29.6
,527B,MM-AA07HJ-MBN9,F,202405,11,24.4,16.3,16.3
,527B,DR-AA065H-MBP9,F,202405,4,23.4,10,10.2
,527B,PP-AA07HJ-MBN9,F,202405,7,23.4,18.1,17.7
,527B,PP-AA08H-MBN9,E,202405,18,22.3,21.6,19.8
,527B,WA-AA065HJA-MBN9,E,202405,24,22.3,32.9,32.8
,527B,WA-AA06HJA-MBA9,F,202405,21,22.3,19.5,20
,527B,YY-AA055HJ-MBN9,E,202405,8,22.3,22.8,24.5
,527B,YY-AA07HJA-MBA9,E,202405,22,22.3,24.2,24
,527B,YY-AA07HJ-MBA9,F,202405,21,22.3,18.7,18.9
,527B,YY-AA09H-MBN9,F,202405,18,22.3,12.3,12.6
,527B,DK-AA065H-MBB9,E,202405,15,21.3,25.9,26.5
,527B,LL-AA065H-MBA9,E,202405,47,21.3,27.9,28.9
,527B,PP-AA08H-MBA9,F,202405,5,21.3,13.7,13.5
,527B,YY-AA065HJA-MBA9,E,202405,26,21.3,21,21
,527B,YY-AA08H-MBA9,E,202405,29,21.3,26.2,26.8
,527B,PP-AA07HJA-MBN9,E,202405,27,20.2,21.3,21.9
,527B,PP-AB07H-MBN9,F,202405,4,20.2,12.9,12.8
,527B,WA-AA07HJA-MBN9,E,202405,15,20.2,25,19.1
,527B,DB-AA065H-MBP9,F,202405,12,19.1,11.7,10.9
,527B,DZ-AA055HJA-MBP9,F,202405,10,19.1,14.5,15.1
,527B,LL-AB065H-MBN9,G,202405,3,19.1,8.1,8.2
,527B,DD-AA065H-MBA9,F,202405,27,18.1,16.6,16.1
,527B,LL-AA055HJA-MBA9,F,202405,20,18.1,17.5,16.8
,527B,LL-AA08H-MBN9,F,202405,20,18.1,12.9,13
,527B,MM-AA07HJA-MBN9,E,202405,30,18.1,25.4,27.2
,527B,DD-AA055HJA-MBA9,F,202405,11,17,18.9,18.6
,527B,PP-AA06HJA-MBA9,E,202405,19,17,26,24.5
,527B,WA-AA065HJ-MBN9,F,202405,15,17,16.1,13
,527B,WA-AA07HJA-MBA9,F,202405,9,17,15.2,15.8
,527B,YY-AA055H-MBN9,F,202405,21,17,16.3,17
,527B,YY-AA08HJ-MBN9,G,202405,14,17,9.3,9.1
,527B,WA-AA055H-MBN9,G,202405,6,15.9,9.7,9.8
,527B,DD-AA06H-MBA9,F,202405,25,14.9,15.8,17.5
,527B,DD-AA07HJ-MBN9,G,202405,4,14.9,9.3,9.5
,527B,DE-AA07H-MBP9,F,202405,4,14.9,11.4,11.4
,527B,DG-AA055HJA-MBB9,F,202405,40,14.9,17.7,17.9
,527B,DG-AA06H-MBB9,F,202405,51,14.9,19.6,20.3
,527B,DV-AA065H-MBP9,G,202405,12,14.9,7.2,7
,527B,DX-AA065H-MBP9,F,202405,5,14.9,13.4,13.5
,527B,DZ-AA065H-MBP9,F,202405,20,14.9,13.9,15.4
,527B,EH-AA065H-MBP9,F,202405,7,14.9,11.9,13.3
,527B,LL-AB07H-MBA9,G,202405,10,14.9,6.1,5.4
,527B,PP-AA065HJA-MBA9,F,202405,9,14.9,12.9,12.6
,527B,DD-AA06HJA-MBA9,G,202405,12,13.8,5.8,5.4
,527B,DD-AA06HJA-MBN9,F,202405,32,13.8,17.5,19.1
,527B,DE-AA065H-MBP9,F,202405,5,13.8,15.2,15.4
,527B,DJ-AA055HJA-MBP9,F,202405,16,13.8,14.6,14.2
,527B,DK-AA055HJA-MBB9,F,202405,12,13.8,12.3,13.3
,527B,MM-AA06HJA-MBN9,E,202405,23,13.8,23.3,24.2
,527B,MM-AA08H-MBN9,F,202405,31,13.8,11.3,11.4
,527B,MM-AB065HJA-MBN9,G,202405,4,13.8,7.9,7.9
,527B,PP-AC065H-MBN9,G,202405,3,13.8,6.4,6.5
,527B,YY-AA09HJ-MBN9,G,202405,7,13.8,9,9.5
,527B,DD-AA065HJA-MBN9,F,202405,17,12.8,11.7,11.6
,527B,DJ-AA07H-MBB9,G,202405,7,12.8,8.8,8.8
,527B,DJ-AA07H-MBP9,G,202405,5,12.8,9.1,9.3
,527B,DK-AA07H-MBB9,E,202405,32,12.8,21.5,23.3
,527B,DR-AA055HJA-MBP9,G,202405,6,12.8,7.3,7.2
,527B,DZ-AA06H-MBP9,F,202405,13,12.8,13.7,14.7
,527B,EF-AA055HJA-MBB9,F,202405,5,12.8,12.9,13
,527B,EF-AA055HJA-MBP9,F,202405,13,12.8,18.7,18.9
,527B,MM-AA065HJ-MBN9,G,202405,9,12.8,8.1,8.4
,527B,PP-AA07HJA-MBA9,F,202405,7,12.8,14.5,14.4
,527B,PP-AA07HJ-MBA9,F,202405,9,12.8,13.9,14.7
,527B,PP-GA07H-MBND,G,202405,2,12.8,9,6.5
,527B,PP-YA07HJ-MBAD,G,202405,0,12.8,5.9,6.1
,527B,DC-AA055HJA-MBP9,F,202405,9,11.7,13.1,14
,527B,DC-AA06H-MBP9,F,202405,3,11.7,13.4,13.5
,527B,DL-AA06H-MBP9,F,202405,5,11.7,10.5,8.8
,527B,DN-AA07H-MBP9,G,202405,6,11.7,5.3,5.4
,527B,DY-AA055HJA-MBP9,G,202405,13,11.7,7.5,6.3
,527B,LL-AA06HJA-MBA9,F,202405,17,11.7,11.9,13
,527B,LL-AA07HJA-MBA9,F,202405,13,11.7,10.4,10.9
,527B,LL-AA07HJA-MBN9,F,202405,10,11.7,18.6,19.1
,527B,MM-AA07HJA-MBA9,F,202405,7,11.7,11.1,11.6
,527B,PP-AA09H-MBN9,G,202405,16,11.7,7.8,7.7
,527B,PP-AB07H-MBA9,F,202405,1,11.7,10,10.5
,527B,WA-AA065HJA-MBA9,F,202405,7,11.7,13.9,12.8
,527B,YY-AA065HJ-MBA9,F,202405,11,11.7,12.6,12.6
,527B,DD-AA07HJA-MBN9,G,202405,16,10.6,7.9,8.6
,527B,DD-AB065H-MBN9,G,202405,5,10.6,7.5,8.2
,527B,DE-AA06H-MBP9,G,202405,7,10.6,7.9,8.4
,527B,DG-AA06HJA-MBP9,G,202405,16,10.6,9.4,9.3
,527B,DJ-AA065H-MBP9,F,202405,20,10.6,14,14
,527B,DL-AA06H-MBB9,G,202405,9,10.6,6.5,6.5
,527B,DR-AA06H-MBP9,G,202405,4,10.6,5.8,5.6
,527B,DV-AA06H-MBB9,F,202405,20,10.6,15.8,16.8
,527B,DY-AA07H-MBP9,G,202405,0,10.6,6.2,6.1
,527B,LL-AA07HJ-MBN9,F,202405,14,10.6,11.7,11.9
,527B,LL-AA08H-MBA9,G,202405,7,10.6,8.8,8.4
,527B,MM-AA055HJ-MBN9,G,202405,9,10.6,5,4.9
,527B,MM-AA08H-MBA9,G,202405,17,10.6,9.9,9.3
,527B,MM-AB055HJA-MBA9,G,202405,0,10.6,9.9,7.7
,527B,WA-AB07H-MBA9,G,202405,17,10.6,7.3,7
,527B,DD-AB07H-MBN9,G,202405,20,9.6,7.9,7
,527B,DE-AA055HJA-MBP9,G,202405,5,9.6,9,9.1
,527B,DE-AA065H-MBB9,G,202405,5,9.6,6.4,6.8
,527B,DG-AA065HJA-MBP9,G,202405,18,9.6,6.1,5.6
,527B,DJ-AA06H-MBP9,G,202405,5,9.6,9.4,9.8
,527B,DK-AA06HJA-MBP9,G,202405,8,9.6,6.5,6.8
,527B,DK-AA06H-MBB9,F,202405,16,9.6,18.4,15.1
,527B,DL-AA055HJA-MBP9,G,202405,8,9.6,9.3,9.8
,527B,DX-AA055HJA-MBP9,G,202405,8,9.6,7.8,7.2
,527B,DZ-AA06H-MBB9,G,202405,17,9.6,9.9,11.4
,527B,DZ-AA07H-MBP9,F,202405,4,9.6,13.5,13.7
,527B,DZ-AA08H-MBP9,G,202405,8,9.6,5.9,6.3
,527B,ED-AA055HJA-MBP9,G,202405,10,9.6,5.6,5.6
,527B,EH-AA065H-MBB9,G,202405,4,9.6,9,9.3
,527B,WA-AA055HJ-MBN9,G,202405,7,9.6,5.3,5.1
,527B,WA-AA07HJ-MBA9,F,202405,10,9.6,12.5,11.6
,527B,YY-AA06HJ-MBA9,F,202405,10,9.6,10.4,10.2
,527B,DB-AA055HJA-MBP9,G,202405,11,8.5,6.9,7
,527B,DB-AA06H-MBP9,G,202405,8,8.5,7.3,7.7
,527B,DC-AA065H-MBB9,F,202405,6,8.5,11.1,10.7
,527B,DC-AA065H-MBP9,F,202405,8,8.5,12,12.1
,527B,DC-AA07H-MBP9,G,202405,4,8.5,9.1,8.6
,527B,DD-AA08H-MBN9,G,202405,1,8.5,8.7,8.4
,527B,DE-AA055HJA-MBB9,G,202405,4,8.5,6.7,6.8
,527B,DE-AA06H-MBB9,G,202405,8,8.5,9,9.3
,527B,DR-AA06H-MBB9,H,202405,0,8.5,4.7,5.4
,527B,DV-AA055HJA-MBB9,G,202405,8,8.5,7.6,7.2
,527B,DV-AA07H-MBP9,F,202405,8,8.5,12.2,11.6
,527B,LL-AB065H-MBA9,G,202405,15,8.5,5.5,5.4
,527B,PP-AA065HJ-MBN9,E,202405,16,8.5,21.6,17.2
,527B,PP-AB055HJA-MBA9,H,202405,7,8.5,4.4,4.7
,527B,WA-AB06HJ-MBN9,F,202405,26,8.5,10.5,10.5
,527B,WA-AB07H-MBN9,E,202405,51,8.5,28,28.6
,527B,WA-AF055HJA-MBN9,G,202405,5,8.5,7.5,4.9
,527B,DD-AB07H-MBA9,G,202405,4,7.4,6.1,5.8
,527B,DE-AA07H-MBB9,F,202405,10,7.4,12.3,12.6
,527B,DL-AA07H-MBP9,G,202405,10,7.4,8.8,8.6
,527B,DV-AA06H-MBP9,G,202405,7,7.4,7.5,7
,527B,DX-AA06H-MBB9,H,202405,3,7.4,4.3,4.4
,527B,DZ-AA055HJA-MBB9,G,202405,15,7.4,7.8,8.2
,527B,ED-AA07H-MBP9,G,202405,7,7.4,7.6,7.5
,527B,EF-AA06H-MBB9,E,202405,15,7.4,21,20.7
,527B,EH-AA07H-MBP9,G,202405,9,7.4,9.9,10
,527B,LL-AB055HJA-MBN9,G,202405,3,7.4,9,8.6
,527B,LL-AB07H-MBN9,G,202405,11,7.4,5.2,5.1
,527B,MM-AA065HJA-MBN9,F,202405,9,7.4,13.1,13.5
,527B,MM-AA06HJA-MBA9,G,202405,18,7.4,9.7,9.8
,527B,MM-AA06HJ-MBA9,G,202405,9,7.4,5.9,6.1
,527B,MM-AA08HJ-MBN9,G,202405,0,7.4,6.2,5.6
,527B,MM-AA09H-MBN9,G,202405,14,7.4,6.4,5.1
,527B,MM-AB07H-MBA9,G,202405,5,7.4,8.8,7.2
,527B,MM-AC065H-MBN9,G,202405,1,7.4,5.8,6.3
,527B,PP-AA055HJ-MBN9,G,202405,6,7.4,5,4.7
,527B,PP-AA055H-MBN9,G,202405,9,7.4,6.9,7.5
,527B,PP-AA09HJ-MBN9,G,202405,2,7.4,5.5,5.4
,527B,PP-AB065H-MBN9,F,202405,19,7.4,16.9,17.7
,527B,PP-AB06HJA-MBN9,F,202405,4,7.4,10.2,9.5
,527B,PP-GA08H-MBND,H,202405,1,7.4,1.7,1.4
,527B,WA-AA06HJ-MBN9,F,202405,18,7.4,18.1,16.8
,527B,WA-AA09H-MBN9,G,202405,11,7.4,5.9,5.6
,527B,WA-AB065H-MBA9,G,202405,6,7.4,8.4,8.4
,527B,WA-AC065H-MBN9,G,202405,11,7.4,5.3,6.1
,527B,YY-AA055HJ-MBA9,G,202405,18,7.4,8.1,6.8
,527B,DB-AA065H-MBB9,G,202405,15,6.4,5,5.6
,527B,DD-AA065HJ-MBN9,H,202405,13,6.4,4.3,4.4
,527B,DD-AA09H-MBN9,G,202405,5,6.4,7,6.5
,527B,DD-AC065H-MBN9,H,202405,0,6.4,2.4,2.3
,527B,DG-AA065HJA-MBB9,G,202405,5,6.4,7.2,7.2
,527B,DJ-AA06H-MBB9,G,202405,7,6.4,9.3,9.3
,527B,DK-AA07HJA-MBP9,H,202405,1,6.4,2.7,2.3
,527B,DV-AA055HJA-MBP9,G,202405,5,6.4,5.8,6.1
,527B,DZ-AA07H-MBB9,G,202405,13,6.4,8.5,8.4
,527B,ED-AA06H-MBP9,G,202405,8,6.4,7,7.2
,527B,EH-AA06H-MBP9,G,202405,0,6.4,7.6,7.5
,527B,LL-GA07H-MBND,G,202405,8,6.4,7.8,7.9
,527B,MM-AA055H-MBN9,H,202405,1,6.4,4.7,5.1
,527B,MM-AB06HJA-MBN9,F,202405,1,6.4,11.3,11.6
,527B,PP-AA065HJ-MBA9,G,202405,0,6.4,5.2,5.4
,527B,PP-AB065H-MBA9,G,202405,9,6.4,6.2,6.3
,527B,WA-GA07H-MBND,F,202405,0,6.4,11,10.2
,527B,DB-AA07H-MBP9,G,202405,3,5.3,8.2,7.2
,527B,DD-AA07HJA-MBA9,G,202405,4,5.3,5.8,5.4
,527B,DF-AA055HJA-MBP9,G,202405,9,5.3,5.6,5.6
,527B,DJ-AA055HJA-MBB9,G,202405,3,5.3,5.6,5.6
,527B,DJ-AA065H-MBB9,G,202405,5,5.3,6.5,6.3
,527B,DL-AA065H-MBP9,F,202405,12,5.3,10.5,11.2
,527B,DY-AA065H-MBP9,G,202405,18,5.3,9.9,10.2
,527B,DY-AA06H-MBP9,G,202405,5,5.3,8.1,8.4
,527B,DZ-AA065H-MBB9,G,202405,3,5.3,5.6,5.4
,527B,ED-AA065H-MBP9,G,202405,8,5.3,6.9,7.5
,527B,EF-AA06HJA-MBP9,H,202405,6,5.3,4,4.2
,527B,EH-AA055HJA-MBP9,G,202405,4,5.3,6.7,7
,527B,MM-AA06HJ-MBN9,G,202405,15,5.3,7.2,7.2
,527B,MM-AB065H-MBN9,E,202405,5,5.3,20.2,18.4
,527B,MM-AB07H-MBN9,F,202405,20,5.3,11.4,11.6
,527B,MM-GA07H-MBND,E,202405,4,5.3,47.7,41.2
,527B,PP-AB07HJA-MBN9,H,202405,3,5.3,3.8,3.3
,527B,PP-AF055HJA-MBN9,H,202405,3,5.3,3.2,3
,527B,PP-GA07H-MBAD,G,202405,11,5.3,5.2,4.9
,527B,WA-AB06HJA-MBN9,G,202405,4,5.3,7,6.3
,527B,WA-AC055HJA-MBN9,G,202405,1,5.3,5.3,4.9
,527B,DC-AA055HJA-MBB9,G,202405,3,4.3,5.6,5.8
,527B,DG-AA07HJA-MBB9,H,202405,4,4.3,4.4,4.4
,527B,DG-AA07HJ-MBP9,G,202405,2,4.3,5.3,5.4
,527B,DG-AA08H-MBB9,H,202405,0,4.3,4.6,4.4
,527B,DV-AA07H-MBB9,G,202405,8,4.3,7,7.2
,527B,LL-AA065HJA-MBA9,F,202405,5,4.3,10.5,8.8
,527B,MM-AA065HJA-MBA9,G,202405,13,4.3,6.4,5.8
,527B,MM-AA07HJ-MBA9,G,202405,6,4.3,5.9,5.4
,527B,MM-AA09HJ-MBN9,H,202405,5,4.3,4.9,5.1
,527B,PP-AA06HJ-MBN9,F,202405,15,4.3,12.3,12.8
,527B,WA-AA065HJ-MBA9,G,202405,2,4.3,5.8,5.1
,527B,WA-AA06HJ-MBA9,H,202405,5,4.3,3,2.6
,527B,WA-AF065H-MBN9,G,202405,4,4.3,7.3,6.5
,527B,WA-AF07H-MBN9,H,202405,1,4.3,4.7,3.5
,527B,WA-GA065H-MBND,G,202405,4,4.3,6.2,5.8
,527B,WA-YA07HJ-MBND,H,202405,3,4.3,4.6,4.2
,527B,YY-AA055H-MBA9,G,202405,4,4.3,5.2,5.4
,527B,YY-AA09H-MBA9,H,202405,2,4.3,4.6,4.4
,527B,DG-AA055HJ-MBP9,H,202405,1,3.2,4.1,4.4
,527B,DG-AA06HJA-MBB9,G,202405,8,3.2,5.5,5.4
,527B,DG-AA07HJA-MBP9,H,202405,5,3.2,4.7,5.1
,527B,DX-AA065H-MBB9,G,202405,10,3.2,5.3,5.1
,527B,DX-AA06H-MBP9,G,202405,0,3.2,6.4,6.8
,527B,EE-AA065H-MBP9,G,202405,2,3.2,6.5,7.2
,527B,LL-AA065HJ-MBN9,G,202405,1,3.2,6.9,7.2
,527B,LL-AA07HJ-MBA9,G,202405,6,3.2,7.3,7.2
,527B,LL-GA07H-MBAD,G,202405,0,3.2,5.2,5.4
,527B,MM-AF07H-MBN9,H,202405,1,3.2,4.6,4.9
,527B,PP-AB065HJA-MBN9,H,202405,0,3.2,3,3.3
,527B,WA-AB055HJA-MBA9,G,202405,6,3.2,6.4,3.7
,527B,DL-AA07H-MBB9,H,202405,5,2.1,4.9,5.1
,527B,DR-AA07H-MBP9,G,202405,4,2.1,9.6,9.3
,527B,LL-AA06HJ-MBN9,G,202405,3,2.1,5.8,5.8
,527B,LL-AA09H-MBN9,G,202405,4,2.1,6.4,6.5
,527B,MM-AB065H-MBA9,H,202405,1,2.1,4.3,4.2
,527B,WA-AD065H-MBN9,H,202405,3,2.1,3.2,3
,527B,DD-AA06HJ-MBN9,H,202405,2,1.1,4.4,4.7
,527B,DD-AA08H-MBA9,G,202405,9,1.1,8.1,7.9
,527B,DV-AA065H-MBB9,G,202405,12,1.1,8.8,9.3
,527B,DX-AA07H-MBP9,F,202405,14,1.1,10.8,10
,527B,LL-AA055H-MBN9,H,202405,8,1.1,4.3,4.4
,527B,WA-AA08HJ-MBN9,G,202405,6,1.1,5.2,4.7
,527B,YY-AA08HJ-MBA9,H,202405,0,1.1,4.6,4.7
,527B,DD-AA07HJ-MBA9,H,202405,9,0,4.4,4.2
,527B,MM-GF065H-MBND,Z,202405,0,0,0.5,0.5
,527B,WA-AB055HJ-MBN9,Z,202405,4,0,0.5,0.5
