ÉVÉäÅ[ÉY,è§ïiÉRÅ[Éh,îNåé,é¿ê—,ÉnÉCÉuÉäÉbÉh,åªçsåvâÊ
ìXï‹òg,ACAAAAWZ165182,202506,339,237.1978,227.7344075
ìXï‹òg,ACAAAAWZ165202,202506,167,162.0396,187.0420525
ìXï‹òg,ACABAAKZ165202,202506,132,164.6091,157.0582121
ìXï‹òg,ACAAAASZ165182,202506,92,95.5536,91.73627386
ìXï‹òg,ACABAAKZ165182,202506,96,95.393,108.155996
ìXï‹òg,ACABAATZ165202,202506,90,87.2027,101.7308874
ìXï‹òg,ACABAAGZ165182,202506,72,86.3997,89.95152145
ìXï‹òg,ACABAAGZ165202,202506,89,72.7492,82.81251181
ìXï‹òg,ACABAASZ165202,202506,54,62.3106,57.46902759
ìXï‹òg,ACABAABZ165182,202506,59,59.2593,59.61073049
ìXï‹òg,ACABAATZ165182,202506,50,48.9813,56.39817615
ìXï‹òg,ACABAAWZ165202,202506,42,52.6749,65.3219382
ìXï‹òg,ACABAASZ165182,202506,34,38.5426,44.26185976
ìXï‹òg,ACABAAWZ165182,202506,33,29.0676,32.12554338
ìXï‹òg,ACAAAAKZ165182,202506,31,33.5642,33.91029579
ìXï‹òg,ACAAAASZ165202,202506,48,45.4482,28.55603856
ìXï‹òg,ACAAAABZ165182,202506,30,44.1634,50.33001796
ìXï‹òg,ACAAAAKZ165202,202506,31,28.4252,27.48518711
ìXï‹òg,ACAAAAGZ165182,202506,26,30.8341,29.62689
ìXï‹òg,ACABAABZ165202,202506,31,27.301,33.19639482
ìXï‹òg,ACAAAATZ165182,202506,19,22.6438,21.06007844
ìXï‹òg,ACAAAATZ165202,202506,7,18.1472,17.8475241
ìXï‹òg,ACAAAAWZ165222,202506,16,6.4238,10.35156398
ìXï‹òg,ACAAAABZ165202,202506,17,13.3293,11.7793659
ìXï‹òg,ACAAAAGZ165202,202506,8,14.4535,19.27532603
ìXï‹òg,ACABAATZ165222,202506,7,14.2929,15.34887072
ìXï‹òg,ACABAAKZ165222,202506,7,9.7963,10.70851446
ìXï‹òg,ACAAAATZ256203,202506,24,5.6208,5.711207711
ìXï‹òg,ACAAAAKZ256203,202506,7,8.6721,8.209861085
ìXï‹òg,ACABAAGZ165222,202506,5,5.6208,7.139009639
ìXï‹òg,ACAAAASZ165222,202506,10,4.4966,3.926455301
ìXï‹òg,ACABAAKZ256204,202506,12,7.0661,9.994613495
ìXï‹òg,ACAAAAKZ165222,202506,2,2.8907,3.56950482
ìXï‹òg,ACABAATZ256204,202506,9,0.9636,4.640356265
ìXï‹òg,ACABAATZ256184,202506,9,1.9271,4.997306747
ìXï‹òg,ACABAAWZ165222,202506,7,0.4818,2.855603856
ìXï‹òg,ACABAAGZ256204,202506,6,1.2848,5.711207711
ìXï‹òg,ACAAAAGZ256203,202506,4,3.2119,4.640356265
ìXï‹òg,ACABAAKZ347204,202506,6,1.1242,3.212554338
ìXï‹òg,ACAAAATZ256223,202506,7,3.0513,3.212554338
ìXï‹òg,ACABAAGZ347204,202506,3,0.803,4.640356265
ìXï‹òg,ACABAASZ165222,202506,3,0.9636,4.283405783
ìXï‹òg,ACAAAASZ256203,202506,5,4.4966,6.068158193
ìXï‹òg,ACAAAAGZ256183,202506,2,1.9271,2.498653374
ìXï‹òg,ACAAAATZ165222,202506,4,2.8907,5.354257229
ìXï‹òg,ACABAATZ347204,202506,5,0.4818,0.713900964
ìXï‹òg,ACAAAAGZ256204,202506,0,1.1242,1.070851446
ìXï‹òg,ACAAAABZ256203,202506,2,2.0877,1.427801928
ìXï‹òg,ACABAAKZ347224,202506,0,1.2848,3.926455301
ìXï‹òg,ACAAAAGZ165222,202506,6,1.7665,1.78475241
ìXï‹òg,ACAAAASZ256183,202506,1,2.5695,0.356950482
ìXï‹òg,ACAAAATZ256184,202506,4,1.9271,1.427801928
ìXï‹òg,ACAAAABZ256183,202506,3,1.4453,2.141702892
ìXï‹òg,ACAAAABZ256204,202506,1,0.803,0.356950482
ìXï‹òg,ACABAABZ256184,202506,2,0.6424,2.141702892
ìXï‹òg,ACABAAKZ256224,202506,2,0.9636,2.498653374
ìXï‹òg,ACAAAABZ165222,202506,2,0.803,1.070851446
ìXï‹òg,ACAAAAGZ347184,202506,2,1.9271,1.78475241
ìXï‹òg,ACAAAAKZ256204,202506,1,1.2848,3.212554338
ìXï‹òg,ACAAAAKZ256183,202506,1,3.2119,3.56950482
ìXï‹òg,ACABAAGZ347224,202506,2,0.1606,1.070851446
ìXï‹òg,ACABAATZ256224,202506,2,0.1606,2.498653374
ìXï‹òg,ACABAASZ256204,202506,2,0.9636,2.855603856
ìXï‹òg,ACABBAGZ165222T,202506,1,0.803,1.427801928
ìXï‹òg,ACAAAAKZ347184,202506,2,1.1242,0.356950482
ìXï‹òg,ACAAAAWZ256203,202506,4,3.3725,1.427801928
ìXï‹òg,ACAAAAKZ256223,202506,2,3.5331,3.56950482
ìXï‹òg,ACABAAWZ256204,202506,1,0,1.070851446
ìXï‹òg,ACABAABZ347204,202506,3,0.1606,0.713900964
ìXï‹òg,ACAAAAGZ256184,202506,3,1.1242,1.78475241
ìXï‹òg,ACAAAATZ256183,202506,3,2.8907,3.212554338
ìXï‹òg,ACABAASZ347204,202506,3,0.4818,1.78475241
ìXï‹òg,ACABAABZ256204,202506,0,0.6424,2.141702892
ìXï‹òg,ACABAATZ347224,202506,1,0.6424,2.141702892
ìXï‹òg,ACABAAKZ256184,202506,4,1.7665,4.283405783
ìXï‹òg,ACAAAAGZ347204,202506,1,0.4818,0.356950482
ìXï‹òg,ACAAAAWZ256223,202506,2,0.3212,0.356950482
ìXï‹òg,ACAAAABZ256184,202506,4,1.1242,1.070851446
ìXï‹òg,ACAAAAKZ347204,202506,0,0.3212,0.713900964
ìXï‹òg,ACAAAAGZ256223,202506,0,1.4453,2.498653374
ìXï‹òg,ACAAAASZ256223,202506,0,0.4818,2.141702892
ìXï‹òg,ACAAAAKZ256224,202506,1,2.2483,0.713900964
ìXï‹òg,ACABAABZ347184,202506,2,0.3212,0.356950482
ìXï‹òg,ACABAABZ165222,202506,2,0.3212,1.070851446
ìXï‹òg,ACABAAGZ347184,202506,3,0.803,2.141702892
ìXï‹òg,ACABBAKZ165242T,202506,1,0.9636,1.427801928
ìXï‹òg,ACAAAATZ347204,202506,0,0.3212,0
ìXï‹òg,ACABAABZ347224,202506,0,0,0.356950482
ìXï‹òg,ACABAAWZ256224,202506,3,0,0.713900964
ìXï‹òg,ACABAATZ165222T,202506,0,0.3212,0.713900964
ìXï‹òg,ACAAAAKZ256184,202506,0,1.2848,1.427801928
ìXï‹òg,ACAAAAWZ256204,202506,0,1.9271,0.356950482
ìXï‹òg,ACAAAATZ347224,202506,2,0.3212,0.356950482
ìXï‹òg,ACAABAGZ165222T,202506,2,0.6424,0.713900964
ìXï‹òg,ACABAAGZ256224,202506,0,0.1606,1.070851446
ìXï‹òg,ACABAASZ256184,202506,0,0.1606,0.713900964
ìXï‹òg,ACABAAKZ347184,202506,1,0.3212,0
ìXï‹òg,ACABAAGZ256184,202506,1,0.4818,2.141702892
ìXï‹òg,ACABBAKZ165222T,202506,0,0.803,1.427801928
ìXï‹òg,ACAAAABZ347204,202506,1,0.6424,1.070851446
ìXï‹òg,ACAAAABZ347184,202506,0,1.1242,0.713900964
ìXï‹òg,ACAAAASZ256204,202506,1,1.9271,1.070851446
ìXï‹òg,ACAABASZ165242T,202506,0,0,0
ìXï‹òg,ACABAABZ165222T,202506,0,0,0
ìXï‹òg,ACABAASZ165222T,202506,2,0,0
ìXï‹òg,ACABAASZ347224,202506,0,0.4818,1.427801928
ìXï‹òg,ACABAAKZ165222T,202506,2,0.1606,1.070851446
ìXï‹òg,ACABAABZ256224,202506,0,0.3212,0.356950482
ìXï‹òg,ACABBAGZ165242T,202506,0,0.6424,0.356950482
ìXï‹òg,ACABBATZ165222T,202506,1,0.6424,0.356950482
ìXï‹òg,ACABBAWZ165222T,202506,1,0.4818,0
ìXï‹òg,ACABBABZ165222T,202506,1,0.6424,0
ìXï‹òg,ACAAAASZ347184,202506,0,0.803,0.713900964
ìXï‹òg,ACAAAATZ347184,202506,0,0.803,0.713900964
ìXï‹òg,ACAAAABZ256223,202506,0,0.803,0.713900964
ìXï‹òg,ACAAAABZ256224,202506,0,0.3212,0
ìXï‹òg,ACAAAABZ347224,202506,2,0.6424,1.070851446
ìXï‹òg,ACAAAASZ256184,202506,0,0.6424,1.070851446
ìXï‹òg,ACAAAATZ256224,202506,0,0.6424,0
ìXï‹òg,ACAAAAWZ256183,202506,2,0.803,0.713900964
ìXï‹òg,ACAAAAKZ347224,202506,0,0.803,1.78475241
ìXï‹òg,ACAAAASZ347204,202506,0,0.3212,1.070851446
ìXï‹òg,ACABAAKZ256224T,202506,0,0,0
ìXï‹òg,ACABAAWZ347204,202506,0,0.1606,1.070851446
ìXï‹òg,ACABAAWZ256184,202506,0,0,0
ìXï‹òg,ACABAAGZ165242T,202506,0,0,0.713900964
ìXï‹òg,ACABAAWZ347224,202506,1,0,0
ìXï‹òg,ACABAAKZ165242T,202506,2,0.1606,2.855603856
ìXï‹òg,ACABBATZ165242T,202506,1,0.3212,0.713900964
ìXï‹òg,ACAAAAWZ256224,202506,0,0.1606,0.713900964
ìXï‹òg,ACAAAAGZ165222T,202506,0,0.1606,0.356950482
ìXï‹òg,ACAAAASZ347224,202506,0,0.1606,0.356950482
ìXï‹òg,ACAAAAGZ347224,202506,0,0.6424,3.212554338
ìXï‹òg,ACAAAAKZ165242T,202506,2,0.1606,0
ìXï‹òg,ACAAAAWZ347204,202506,0,0.9636,1.070851446
ìXï‹òg,ACAABABZ165222T,202506,0,0.4818,1.070851446
ìXï‹òg,ACAABATZ165242T,202506,0,0.6424,0.356950482
ìXï‹òg,ACAABAWZ165242T,202506,0,0.6424,0.356950482
ìXï‹òg,ACAABAWZ165222T,202506,0,0.9636,0.356950482
ìXï‹òg,ACAABAKZ165222T,202506,0,0.6424,1.070851446
ìXï‹òg,ACABAAWZ165222T,202506,1,0,0.356950482
ìXï‹òg,ACABAATZ347184,202506,1,0.1606,0.356950482
ìXï‹òg,ACABBASZ165222T,202506,0,0,0
ìXï‹òg,ACABBABZ165242T,202506,1,0.4818,0
ìXï‹òg,ACABBATZ347244T,202506,0,0,0.356950482
ìXï‹òg,ACABBAGZ256244T,202506,0,0.3212,0.356950482
ìXï‹òg,ACAAAAWZ165222T,202506,0,0.6424,0.356950482
ìXï‹òg,ACAAAABZ256224T,202506,0,0.4818,0
ìXï‹òg,ACAAAAKZ256243T,202506,0,0.1606,0.713900964
ìXï‹òg,ACAAAASZ165222T,202506,0,0,0
ìXï‹òg,ACAAAATZ165222T,202506,1,0,0
ìXï‹òg,ACAAAAWZ256184,202506,0,0.803,0.356950482
ìXï‹òg,ACAAAAWZ347224,202506,1,0.3212,0.713900964
ìXï‹òg,ACAAAAKZ165222T,202506,0,0.3212,0
ìXï‹òg,ACAAAATZ256204,202506,0,0.803,0.713900964
ìXï‹òg,ACAABASZ347244T,202506,0,0,0
ìXï‹òg,ACAABABZ347244T,202506,0,0,0.356950482
ìXï‹òg,ACAABAKZ165242T,202506,1,0.4818,0
ìXï‹òg,ACAABAGZ165242T,202506,0,0,0
ìXï‹òg,ACABAAGZ165222T,202506,0,0.1606,1.427801928
ìXï‹òg,ACABAATZ165242T,202506,1,0.3212,0.713900964
ìXï‹òg,ACABAAKZ347244T,202506,0,0,0
ìXï‹òg,ACABAATZ347244T,202506,0,0,0
ìXï‹òg,ACABAAWZ347184,202506,1,0,0
ìXï‹òg,ACABAASZ347184,202506,1,0.3212,0.713900964
ìXï‹òg,ACABAASZ256224,202506,0,0.3212,0.713900964
ìXï‹òg,ACABBAGZ347244T,202506,0,0,0.356950482
ìXï‹òg,ACABBAKZ256244T,202506,0,0.803,0.356950482
ìXï‹òg,ACABBAWZ165242T,202506,0,0.9636,1.427801928
ìXï‹òg,ACAAAAGZ256243T,202506,0,0,0.713900964
ìXï‹òg,ACAAAAGZ256224,202506,0,0.1606,0.356950482
ìXï‹òg,ACAAAASZ256224,202506,0,0.6424,0.713900964
ìXï‹òg,ACAAAASZ256223T,202506,0,0,0.356950482
ìXï‹òg,ACAAAAWZ347184,202506,1,0,0
ìXï‹òg,ACAAAAKZ347244T,202506,0,0.1606,0
ìXï‹òg,ACAAAAKZ256223T,202506,0,0.3212,0.356950482
ìXï‹òg,ACAAAAWZ256223T,202506,0,0,0
ìXï‹òg,ACAAAABZ165222T,202506,0,1.1242,0.356950482
ìXï‹òg,ACAAAAGZ347224T,202506,0,0.803,0
ìXï‹òg,ACAABABZ165242T,202506,0,0,0
ìXï‹òg,ACAABAKZ347244T,202506,0,0,0
ìXï‹òg,ACAABASZ165222T,202506,0,0.1606,0.713900964
ìXï‹òg,ACAABATZ165222T,202506,0,0.6424,0
ìXï‹òg,ACABAABZ256224T,202506,0,0,0
ìXï‹òg,ACABAAGZ347244T,202506,0,0,1.070851446
ìXï‹òg,ACABAASZ165242T,202506,0,0,0
ìXï‹òg,ACABAAGZ347224T,202506,0,0,0.356950482
ìXï‹òg,ACABAAWZ165242T,202506,0,0,0.713900964
ìXï‹òg,ACABAAGZ256224T,202506,0,0,0.356950482
ìXï‹òg,ACABBASZ165242T,202506,0,0,0
ìXï‹òg,ACABBASZ347224T,202506,0,0.1606,0.356950482
ìXï‹òg,ACABBAGZ347224T,202506,0,0,0
ìXï‹òg,ACABBAKZ347244T,202506,0,0,0
ìXï‹òg,ACABBABZ256224T,202506,0,0.1606,0
ìXï‹òg,ACABBAGZ256224T,202506,0,0.6424,0.356950482
ìXï‹òg,ACAAAABZ256243T,202506,0,0,0.356950482
ìXï‹òg,ACAAAASZ256243T,202506,0,0.1606,0.356950482
ìXï‹òg,ACAAAAWZ256243T,202506,0,0.1606,0
ìXï‹òg,ACAAAAKZ256244T,202506,0,0,0
ìXï‹òg,ACAAAAWZ165182,202507,537,304.1883,262.5283784
ìXï‹òg,ACAAAAWZ165202,202507,271,201.1042,215.6189189
ìXï‹òg,ACABAAKZ165202,202507,187,186.2746,181.0540541
ìXï‹òg,ACAAAASZ165182,202507,171,125.1476,105.752027
ìXï‹òg,ACABAAKZ165182,202507,98,105.0734,124.6804054
ìXï‹òg,ACABAATZ165202,202507,97,96.7543,117.2736486
ìXï‹òg,ACABAAGZ165182,202507,74,98.0202,103.6945946
ìXï‹òg,ACABAAGZ165202,202507,60,76.68,95.46486486
ìXï‹òg,ACABAASZ165202,202507,76,73.2439,66.24932432
ìXï‹òg,ACABAABZ165182,202507,53,62.5738,68.71824324
ìXï‹òg,ACABAATZ165182,202507,60,52.0846,65.01486486
ìXï‹òg,ACABAAWZ165202,202507,45,62.9355,75.30202703
ìXï‹òg,ACABAASZ165182,202507,53,44.4889,51.02432432
ìXï‹òg,ACABAAWZ165182,202507,46,33.4571,37.03378378
ìXï‹òg,ACAAAAKZ165182,202507,55,38.1592,39.09121622
ìXï‹òg,ACAAAASZ165202,202507,22,62.0313,32.91891892
ìXï‹òg,ACAAAABZ165182,202507,34,52.9888,58.01959459
ìXï‹òg,ACAAAAKZ165202,202507,25,32.9145,31.68445946
ìXï‹òg,ACAAAAGZ165182,202507,33,32.372,34.15337838
ìXï‹òg,ACABAABZ165202,202507,23,30.021,38.26824324
ìXï‹òg,ACAAAATZ165182,202507,21,23.8721,24.2777027
ìXï‹òg,ACAAAATZ165202,202507,32,19.17,20.57432432
ìXï‹òg,ACAAAAWZ165222,202507,16,8.3191,11.93310811
ìXï‹òg,ACAAAABZ165202,202507,13,14.8296,13.57905405
ìXï‹òg,ACAAAAGZ165202,202507,15,13.3828,22.22027027
ìXï‹òg,ACABAATZ165222,202507,11,15.9147,17.69391892
ìXï‹òg,ACABAAKZ165222,202507,18,11.936,12.34459459
ìXï‹òg,ACAAAATZ256203,202507,6,6.1489,6.583783784
ìXï‹òg,ACAAAAKZ256203,202507,3,9.0425,9.464189189
ìXï‹òg,ACABAAGZ165222,202507,10,7.0531,8.22972973
ìXï‹òg,ACAAAASZ165222,202507,11,5.2446,4.526351351
ìXï‹òg,ACABAAKZ256204,202507,4,8.4999,11.52162162
ìXï‹òg,ACAAAAKZ165222,202507,3,3.2553,4.114864865
ìXï‹òg,ACABAATZ256204,202507,3,0.5425,5.349324324
ìXï‹òg,ACABAATZ256184,202507,10,0.5425,5.760810811
ìXï‹òg,ACABAAWZ165222,202507,8,0.5425,3.291891892
ìXï‹òg,ACABAAGZ256204,202507,9,0.5425,6.583783784
ìXï‹òg,ACAAAAGZ256203,202507,6,2.7127,5.349324324
ìXï‹òg,ACABAAKZ347204,202507,9,0.7234,3.703378378
ìXï‹òg,ACAAAATZ256223,202507,4,2.7127,3.703378378
ìXï‹òg,ACABAAGZ347204,202507,4,0.3617,5.349324324
ìXï‹òg,ACABAASZ165222,202507,4,0.3617,4.937837838
ìXï‹òg,ACAAAASZ256203,202507,2,4.5212,6.99527027
ìXï‹òg,ACAAAAGZ256183,202507,3,1.2659,2.880405405
ìXï‹òg,ACAAAATZ165222,202507,2,2.7127,6.172297297
ìXï‹òg,ACABAATZ347204,202507,0,0.5425,0.822972973
ìXï‹òg,ACAAAAGZ256204,202507,1,1.0851,1.234459459
ìXï‹òg,ACAAAABZ256203,202507,5,2.5319,1.645945946
ìXï‹òg,ACABAAKZ347224,202507,3,0.5425,4.526351351
ìXï‹òg,ACAAAAGZ165222,202507,1,1.8085,2.057432432
ìXï‹òg,ACAAAASZ256183,202507,3,3.2553,0.411486486
ìXï‹òg,ACAAAATZ256184,202507,7,1.6276,1.645945946
ìXï‹òg,ACAAAABZ256183,202507,1,1.6276,2.468918919
ìXï‹òg,ACAAAABZ256204,202507,0,0.7234,0.411486486
ìXï‹òg,ACABAABZ256184,202507,3,0.3617,2.468918919
ìXï‹òg,ACABAAKZ256224,202507,3,0.5425,2.880405405
ìXï‹òg,ACAAAABZ165222,202507,2,1.0851,1.234459459
ìXï‹òg,ACAAAAGZ347184,202507,0,1.8085,2.057432432
ìXï‹òg,ACAAAAKZ256204,202507,2,1.0851,3.703378378
ìXï‹òg,ACAAAAKZ256183,202507,4,2.8936,4.114864865
ìXï‹òg,ACABAAGZ347224,202507,1,0,1.234459459
ìXï‹òg,ACABAATZ256224,202507,3,0.1808,2.880405405
ìXï‹òg,ACABAASZ256204,202507,2,0.3617,3.291891892
ìXï‹òg,ACABBAGZ165222T,202507,3,0.7234,1.645945946
ìXï‹òg,ACAAAAKZ347184,202507,2,1.0851,0.411486486
ìXï‹òg,ACAAAAWZ256203,202507,3,3.9787,1.645945946
ìXï‹òg,ACAAAAKZ256223,202507,4,3.617,4.114864865
ìXï‹òg,ACABAAWZ256204,202507,4,0,1.234459459
ìXï‹òg,ACABAABZ347204,202507,2,0,0.822972973
ìXï‹òg,ACAAAAGZ256184,202507,1,1.0851,2.057432432
ìXï‹òg,ACAAAATZ256183,202507,2,2.8936,3.703378378
ìXï‹òg,ACABAASZ347204,202507,2,0.1808,2.057432432
ìXï‹òg,ACABAABZ256204,202507,2,0.3617,2.468918919
ìXï‹òg,ACABAATZ347224,202507,4,0.3617,2.468918919
ìXï‹òg,ACABAAKZ256184,202507,1,0.5425,4.937837838
ìXï‹òg,ACAAAAGZ347204,202507,2,0.9042,0.411486486
ìXï‹òg,ACAAAAWZ256223,202507,0,0.7234,0.411486486
ìXï‹òg,ACAAAABZ256184,202507,2,1.2659,1.234459459
ìXï‹òg,ACAAAAKZ347204,202507,1,0.5425,0.822972973
ìXï‹òg,ACAAAAGZ256223,202507,2,1.2659,2.880405405
ìXï‹òg,ACAAAASZ256223,202507,0,0.9042,2.468918919
ìXï‹òg,ACAAAAKZ256224,202507,2,2.1702,0.822972973
ìXï‹òg,ACABAABZ347184,202507,2,0.1808,0.411486486
ìXï‹òg,ACABAABZ165222,202507,0,0.1808,1.234459459
ìXï‹òg,ACABAAGZ347184,202507,1,0.3617,2.468918919
ìXï‹òg,ACABBAKZ165242T,202507,1,0.9042,1.645945946
ìXï‹òg,ACAAAATZ347204,202507,0,0.3617,0
ìXï‹òg,ACABAABZ347224,202507,0,0,0.411486486
ìXï‹òg,ACABAAWZ256224,202507,0,0,0.822972973
ìXï‹òg,ACABAATZ165222T,202507,1,0.1808,0.822972973
ìXï‹òg,ACAAAAKZ256184,202507,2,1.2659,1.645945946
ìXï‹òg,ACAAAAWZ256204,202507,5,1.9893,0.411486486
ìXï‹òg,ACAAAATZ347224,202507,2,0.5425,0.411486486
ìXï‹òg,ACAABAGZ165222T,202507,0,0.7234,0.822972973
ìXï‹òg,ACABAAGZ256224,202507,1,0.1808,1.234459459
ìXï‹òg,ACABAASZ256184,202507,1,0.1808,0.822972973
ìXï‹òg,ACABAAKZ347184,202507,3,0.3617,0
ìXï‹òg,ACABAAGZ256184,202507,1,0.3617,2.468918919
ìXï‹òg,ACABBAKZ165222T,202507,1,1.0851,1.645945946
ìXï‹òg,ACAAAABZ347204,202507,1,0.7234,1.234459459
ìXï‹òg,ACAAAABZ347184,202507,1,1.4468,0.822972973
ìXï‹òg,ACAAAASZ256204,202507,0,2.351,1.234459459
ìXï‹òg,ACAABASZ165242T,202507,0,0,0
ìXï‹òg,ACABAABZ165222T,202507,0,0,0
ìXï‹òg,ACABAASZ165222T,202507,1,0,0
ìXï‹òg,ACABAASZ347224,202507,0,0.1808,1.645945946
ìXï‹òg,ACABAAKZ165222T,202507,0,0,1.234459459
ìXï‹òg,ACABAABZ256224,202507,2,0.1808,0.411486486
ìXï‹òg,ACABBAGZ165242T,202507,0,0.5425,0.411486486
ìXï‹òg,ACABBATZ165222T,202507,0,0.7234,0.411486486
ìXï‹òg,ACABBAWZ165222T,202507,0,0.3617,0
ìXï‹òg,ACABBABZ165222T,202507,1,0.7234,0
ìXï‹òg,ACAAAASZ347184,202507,0,0.7234,0.822972973
ìXï‹òg,ACAAAATZ347184,202507,0,0.5425,0.822972973
ìXï‹òg,ACAAAABZ256223,202507,0,1.0851,0.822972973
ìXï‹òg,ACAAAABZ256224,202507,0,0.3617,0
ìXï‹òg,ACAAAABZ347224,202507,0,0.3617,1.234459459
ìXï‹òg,ACAAAASZ256184,202507,1,0.7234,1.234459459
ìXï‹òg,ACAAAATZ256224,202507,1,0.7234,0
ìXï‹òg,ACAAAAWZ256183,202507,1,0.9042,0.822972973
ìXï‹òg,ACAAAAKZ347224,202507,0,0.5425,2.057432432
ìXï‹òg,ACAAAASZ347204,202507,0,0.5425,1.234459459
ìXï‹òg,ACABAAKZ256224T,202507,0,0,0
ìXï‹òg,ACABAAWZ347204,202507,0,0,1.234459459
ìXï‹òg,ACABAAWZ256184,202507,1,0,0
ìXï‹òg,ACABAAGZ165242T,202507,0,0,0.822972973
ìXï‹òg,ACABAAWZ347224,202507,1,0,0
ìXï‹òg,ACABAAKZ165242T,202507,0,0.1808,3.291891892
ìXï‹òg,ACABBATZ165242T,202507,1,0.5425,0.822972973
ìXï‹òg,ACAAAAWZ256224,202507,0,0.1808,0.822972973
ìXï‹òg,ACAAAAGZ165222T,202507,1,0,0.411486486
ìXï‹òg,ACAAAASZ347224,202507,0,0.1808,0.411486486
ìXï‹òg,ACAAAAGZ347224,202507,1,0.5425,3.703378378
ìXï‹òg,ACAAAAKZ165242T,202507,0,0.1808,0
ìXï‹òg,ACAAAAWZ347204,202507,2,1.0851,1.234459459
ìXï‹òg,ACAABABZ165222T,202507,1,0.3617,1.234459459
ìXï‹òg,ACAABATZ165242T,202507,2,0.3617,0.411486486
ìXï‹òg,ACAABAWZ165242T,202507,0,0.7234,0.411486486
ìXï‹òg,ACAABAWZ165222T,202507,0,1.2659,0.411486486
ìXï‹òg,ACAABAKZ165222T,202507,1,0.5425,1.234459459
ìXï‹òg,ACABAAWZ165222T,202507,1,0,0.411486486
ìXï‹òg,ACABAATZ347184,202507,1,0.1808,0.411486486
ìXï‹òg,ACABBASZ165222T,202507,0,0,0
ìXï‹òg,ACABBABZ165242T,202507,0,0.3617,0
ìXï‹òg,ACABBATZ347244T,202507,0,0,0.411486486
ìXï‹òg,ACABBAGZ256244T,202507,0,0.7234,0.411486486
ìXï‹òg,ACAAAAWZ165222T,202507,0,0.5425,0.411486486
ìXï‹òg,ACAAAABZ256224T,202507,0,0.3617,0
ìXï‹òg,ACAAAAKZ256243T,202507,0,0,0.822972973
ìXï‹òg,ACAAAASZ165222T,202507,1,0,0
ìXï‹òg,ACAAAATZ165222T,202507,0,0,0
ìXï‹òg,ACAAAAWZ256184,202507,1,0.5425,0.411486486
ìXï‹òg,ACAAAAWZ347224,202507,0,0.5425,0.822972973
ìXï‹òg,ACAAAAKZ165222T,202507,0,0.5425,0
ìXï‹òg,ACAAAATZ256204,202507,0,0.7234,0.822972973
ìXï‹òg,ACAABASZ347244T,202507,0,0,0
ìXï‹òg,ACAABABZ347244T,202507,0,0,0.411486486
ìXï‹òg,ACAABAKZ165242T,202507,0,0.3617,0
ìXï‹òg,ACAABAGZ165242T,202507,0,0,0
ìXï‹òg,ACABAAGZ165222T,202507,0,0,1.645945946
ìXï‹òg,ACABAATZ165242T,202507,0,0,0.822972973
ìXï‹òg,ACABAAKZ347244T,202507,0,0,0
ìXï‹òg,ACABAATZ347244T,202507,0,0,0
ìXï‹òg,ACABAAWZ347184,202507,0,0,0
ìXï‹òg,ACABAASZ347184,202507,0,0,0.822972973
ìXï‹òg,ACABAASZ256224,202507,0,0,0.822972973
ìXï‹òg,ACABBAGZ347244T,202507,0,0,0.411486486
ìXï‹òg,ACABBAKZ256244T,202507,1,0.7234,0.411486486
ìXï‹òg,ACABBAWZ165242T,202507,0,1.0851,1.645945946
ìXï‹òg,ACAAAAGZ256243T,202507,0,0,0.822972973
ìXï‹òg,ACAAAAGZ256224,202507,0,0.3617,0.411486486
ìXï‹òg,ACAAAASZ256224,202507,0,0.7234,0.822972973
ìXï‹òg,ACAAAASZ256223T,202507,0,0,0.411486486
ìXï‹òg,ACAAAAWZ347184,202507,0,0,0
ìXï‹òg,ACAAAAKZ347244T,202507,0,0.1808,0
ìXï‹òg,ACAAAAKZ256223T,202507,0,0.1808,0.411486486
ìXï‹òg,ACAAAAWZ256223T,202507,0,0,0
ìXï‹òg,ACAAAABZ165222T,202507,0,1.2659,0.411486486
ìXï‹òg,ACAAAAGZ347224T,202507,0,1.0851,0
ìXï‹òg,ACAABABZ165242T,202507,0,0,0
ìXï‹òg,ACAABAKZ347244T,202507,0,0,0
ìXï‹òg,ACAABASZ165222T,202507,0,0.3617,0.822972973
ìXï‹òg,ACAABATZ165222T,202507,0,0.7234,0
ìXï‹òg,ACABAABZ256224T,202507,0,0,0
ìXï‹òg,ACABAAGZ347244T,202507,0,0,1.234459459
ìXï‹òg,ACABAASZ165242T,202507,0,0,0
ìXï‹òg,ACABAAGZ347224T,202507,0,0,0.411486486
ìXï‹òg,ACABAAWZ165242T,202507,0,0,0.822972973
ìXï‹òg,ACABAAGZ256224T,202507,0,0,0.411486486
ìXï‹òg,ACABBASZ165242T,202507,0,0,0
ìXï‹òg,ACABBASZ347224T,202507,0,0,0.411486486
ìXï‹òg,ACABBAGZ347224T,202507,0,0,0
ìXï‹òg,ACABBAKZ347244T,202507,0,0,0
ìXï‹òg,ACABBABZ256224T,202507,0,0.1808,0
ìXï‹òg,ACABBAGZ256224T,202507,0,0.5425,0.411486486
ìXï‹òg,ACAAAABZ256243T,202507,0,0,0.411486486
ìXï‹òg,ACAAAASZ256243T,202507,0,0,0.411486486
ìXï‹òg,ACAAAAWZ256243T,202507,0,0.1808,0
ìXï‹òg,ACAAAAKZ256244T,202507,0,0,0
ìXï‹òg,ACAAAAWZ165182,202508,725,264.8985,224.7620582
ìXï‹òg,ACAAAAWZ165202,202508,188,181.7563,184.6008127
ìXï‹òg,ACABAAKZ165202,202508,109,155.1883,155.008316
ìXï‹òg,ACAAAASZ165182,202508,164,115.4926,90.53894821
ìXï‹òg,ACABAAKZ165182,202508,93,88.4558,106.7443631
ìXï‹òg,ACABAATZ165202,202508,88,80.7979,100.4031138
ìXï‹òg,ACABAAGZ165182,202508,58,77.6723,88.77749008
ìXï‹òg,ACABAAGZ165202,202508,55,68.6079,81.73165753
ìXï‹òg,ACABAASZ165202,202508,39,58.2933,56.71895199
ìXï‹òg,ACABAABZ165182,202508,58,54.5425,58.83270176
ìXï‹òg,ACABAATZ165182,202508,38,43.9153,55.66207711
ìXï‹òg,ACABAAWZ165202,202508,42,54.5425,64.46936779
ìXï‹òg,ACABAASZ165182,202508,51,38.1329,43.68416178
ìXï‹òg,ACABAAWZ165182,202508,39,26.8806,31.70624646
ìXï‹òg,ACAAAAKZ165182,202508,31,30.475,33.46770459
ìXï‹òg,ACAAAASZ165202,202508,40,50.1666,28.18333018
ìXï‹òg,ACAAAABZ165182,202508,39,43.9153,49.67311945
ìXï‹òg,ACAAAAKZ165202,202508,22,27.0368,27.1264553
ìXï‹òg,ACAAAAGZ165182,202508,25,26.7243,29.24020507
ìXï‹òg,ACABAABZ165202,202508,20,26.568,32.76312134
ìXï‹òg,ACAAAATZ165182,202508,14,23.1298,20.78520601
ìXï‹òg,ACAAAATZ165202,202508,8,14.2217,17.61458136
ìXï‹òg,ACAAAAWZ165222,202508,12,4.3759,10.21645719
ìXï‹òg,ACAAAABZ165202,202508,12,11.8775,11.6256237
ìXï‹òg,ACAAAAGZ165202,202508,9,12.0337,19.02374787
ìXï‹òg,ACABAATZ165222,202508,14,13.7528,15.14853997
ìXï‹òg,ACABAAKZ165222,202508,10,10.3146,10.56874882
ìXï‹òg,ACAAAATZ256203,202508,6,5.001,5.636666037
ìXï‹òg,ACAAAAKZ256203,202508,5,6.8764,8.102707428
ìXï‹òg,ACABAAGZ165222,202508,3,4.8448,7.045832546
ìXï‹òg,ACAAAASZ165222,202508,5,3.9071,3.8752079
ìXï‹òg,ACABAAKZ256204,202508,1,7.3453,9.864165564
ìXï‹òg,ACAAAAKZ165222,202508,4,2.3442,3.522916273
ìXï‹òg,ACABAATZ256204,202508,4,0.4688,4.579791155
ìXï‹òg,ACABAATZ256184,202508,1,0.4688,4.932082782
ìXï‹òg,ACABAAWZ165222,202508,4,0.4688,2.818333018
ìXï‹òg,ACABAAGZ256204,202508,5,0.4688,5.636666037
ìXï‹òg,ACAAAAGZ256203,202508,5,2.3442,4.579791155
ìXï‹òg,ACABAAKZ347204,202508,3,0.6251,3.170624646
ìXï‹òg,ACAAAATZ256223,202508,5,2.3442,3.170624646
ìXï‹òg,ACABAAGZ347204,202508,3,0.3126,4.579791155
ìXï‹òg,ACABAASZ165222,202508,3,0.3126,4.227499527
ìXï‹òg,ACAAAASZ256203,202508,3,3.2819,5.988957664
ìXï‹òg,ACAAAAGZ256183,202508,3,0.7814,2.466041391
ìXï‹òg,ACAAAATZ165222,202508,1,2.3442,5.284374409
ìXï‹òg,ACABAATZ347204,202508,4,0.4688,0.704583255
ìXï‹òg,ACAAAAGZ256204,202508,2,0.9377,1.056874882
ìXï‹òg,ACAAAABZ256203,202508,2,2.3442,1.409166509
ìXï‹òg,ACABAAKZ347224,202508,1,0.4688,3.8752079
ìXï‹òg,ACAAAAGZ165222,202508,2,1.2503,1.761458136
ìXï‹òg,ACAAAASZ256183,202508,4,3.2819,0.352291627
ìXï‹òg,ACAAAATZ256184,202508,0,0.9377,1.409166509
ìXï‹òg,ACAAAABZ256183,202508,3,1.4065,2.113749764
ìXï‹òg,ACAAAABZ256204,202508,1,0.3126,0.352291627
ìXï‹òg,ACABAABZ256184,202508,3,0.3126,2.113749764
ìXï‹òg,ACABAAKZ256224,202508,1,0.4688,2.466041391
ìXï‹òg,ACAAAABZ165222,202508,3,0.7814,1.056874882
ìXï‹òg,ACAAAAGZ347184,202508,1,1.2503,1.761458136
ìXï‹òg,ACAAAAKZ256204,202508,2,1.4065,3.170624646
ìXï‹òg,ACAAAAKZ256183,202508,1,2.188,3.522916273
ìXï‹òg,ACABAAGZ347224,202508,3,0,1.056874882
ìXï‹òg,ACABAATZ256224,202508,1,0.3126,2.466041391
ìXï‹òg,ACABAASZ256204,202508,0,0.3126,2.818333018
ìXï‹òg,ACABBAGZ165222T,202508,0,0.6251,1.409166509
ìXï‹òg,ACAAAAKZ347184,202508,0,0.6251,0.352291627
ìXï‹òg,ACAAAAWZ256203,202508,1,3.4382,1.409166509
ìXï‹òg,ACAAAAKZ256223,202508,1,2.9694,3.522916273
ìXï‹òg,ACABAAWZ256204,202508,2,0,1.056874882
ìXï‹òg,ACABAABZ347204,202508,2,0,0.704583255
ìXï‹òg,ACAAAAGZ256184,202508,0,1.2503,1.761458136
ìXï‹òg,ACAAAATZ256183,202508,0,2.188,3.170624646
ìXï‹òg,ACABAASZ347204,202508,1,0,1.761458136
ìXï‹òg,ACABAABZ256204,202508,2,0.3126,2.113749764
ìXï‹òg,ACABAATZ347224,202508,2,0.3126,2.113749764
ìXï‹òg,ACABAAKZ256184,202508,1,0.4688,4.227499527
ìXï‹òg,ACAAAAGZ347204,202508,2,1.2503,0.352291627
ìXï‹òg,ACAAAAWZ256223,202508,1,1.2503,0.352291627
ìXï‹òg,ACAAAABZ256184,202508,1,0.7814,1.056874882
ìXï‹òg,ACAAAAKZ347204,202508,3,0.6251,0.704583255
ìXï‹òg,ACAAAAGZ256223,202508,1,0.7814,2.466041391
ìXï‹òg,ACAAAASZ256223,202508,2,1.2503,2.113749764
ìXï‹òg,ACAAAAKZ256224,202508,1,1.2503,0.704583255
ìXï‹òg,ACABAABZ347184,202508,1,0,0.352291627
ìXï‹òg,ACABAABZ165222,202508,3,0.3126,1.056874882
ìXï‹òg,ACABAAGZ347184,202508,1,0.3126,2.113749764
ìXï‹òg,ACABBAKZ165242T,202508,2,0.6251,1.409166509
ìXï‹òg,ACAAAATZ347204,202508,1,0.3126,0
ìXï‹òg,ACABAABZ347224,202508,0,0,0.352291627
ìXï‹òg,ACABAAWZ256224,202508,0,0,0.704583255
ìXï‹òg,ACABAATZ165222T,202508,0,0,0.704583255
ìXï‹òg,ACAAAAKZ256184,202508,2,1.2503,1.409166509
ìXï‹òg,ACAAAAWZ256204,202508,0,1.094,0.352291627
ìXï‹òg,ACAAAATZ347224,202508,1,0.4688,0.352291627
ìXï‹òg,ACAABAGZ165222T,202508,0,0.9377,0.704583255
ìXï‹òg,ACABAAGZ256224,202508,1,0.3126,1.056874882
ìXï‹òg,ACABAASZ256184,202508,1,0.3126,0.704583255
ìXï‹òg,ACABAAKZ347184,202508,0,0.3126,0
ìXï‹òg,ACABAAGZ256184,202508,1,0.3126,2.113749764
ìXï‹òg,ACABBAKZ165222T,202508,2,1.2503,1.409166509
ìXï‹òg,ACAAAABZ347204,202508,1,0.7814,1.056874882
ìXï‹òg,ACAAAABZ347184,202508,1,1.5628,0.704583255
ìXï‹òg,ACAAAASZ256204,202508,0,1.8754,1.056874882
ìXï‹òg,ACAABASZ165242T,202508,0,0,0
ìXï‹òg,ACABAABZ165222T,202508,1,0,0
ìXï‹òg,ACABAASZ165222T,202508,1,0,0
ìXï‹òg,ACABAASZ347224,202508,2,0.3126,1.409166509
ìXï‹òg,ACABAAKZ165222T,202508,0,0,1.056874882
ìXï‹òg,ACABAABZ256224,202508,0,0.3126,0.352291627
ìXï‹òg,ACABBAGZ165242T,202508,0,0.4688,0.352291627
ìXï‹òg,ACABBATZ165222T,202508,2,0.6251,0.352291627
ìXï‹òg,ACABBAWZ165222T,202508,2,0.1563,0
ìXï‹òg,ACABBABZ165222T,202508,0,0.6251,0
ìXï‹òg,ACAAAASZ347184,202508,3,0.6251,0.704583255
ìXï‹òg,ACAAAATZ347184,202508,2,0.4688,0.704583255
ìXï‹òg,ACAAAABZ256223,202508,1,0.7814,0.704583255
ìXï‹òg,ACAAAABZ256224,202508,0,0.3126,0
ìXï‹òg,ACAAAABZ347224,202508,1,0.1563,1.056874882
ìXï‹òg,ACAAAASZ256184,202508,0,0.9377,1.056874882
ìXï‹òg,ACAAAATZ256224,202508,0,0.6251,0
ìXï‹òg,ACAAAAWZ256183,202508,0,1.094,0.704583255
ìXï‹òg,ACAAAAKZ347224,202508,1,0.4688,1.761458136
ìXï‹òg,ACAAAASZ347204,202508,0,0.4688,1.056874882
ìXï‹òg,ACABAAKZ256224T,202508,2,0,0
ìXï‹òg,ACABAAWZ347204,202508,2,0,1.056874882
ìXï‹òg,ACABAAWZ256184,202508,0,0,0
ìXï‹òg,ACABAAGZ165242T,202508,2,0,0.704583255
ìXï‹òg,ACABAAWZ347224,202508,0,0,0
ìXï‹òg,ACABAAKZ165242T,202508,0,0,2.818333018
ìXï‹òg,ACABBATZ165242T,202508,0,0.4688,0.704583255
ìXï‹òg,ACAAAAWZ256224,202508,0,0,0.704583255
ìXï‹òg,ACAAAAGZ165222T,202508,0,0,0.352291627
ìXï‹òg,ACAAAASZ347224,202508,0,0,0.352291627
ìXï‹òg,ACAAAAGZ347224,202508,0,0.4688,3.170624646
ìXï‹òg,ACAAAAKZ165242T,202508,0,0,0
ìXï‹òg,ACAAAAWZ347204,202508,0,0.7814,1.056874882
ìXï‹òg,ACAABABZ165222T,202508,0,0.3126,1.056874882
ìXï‹òg,ACAABATZ165242T,202508,0,0.1563,0.352291627
ìXï‹òg,ACAABAWZ165242T,202508,0,0.9377,0.352291627
ìXï‹òg,ACAABAWZ165222T,202508,0,0.9377,0.352291627
ìXï‹òg,ACAABAKZ165222T,202508,1,0.4688,1.056874882
ìXï‹òg,ACABAAWZ165222T,202508,0,0,0.352291627
ìXï‹òg,ACABAATZ347184,202508,0,0,0.352291627
ìXï‹òg,ACABBASZ165222T,202508,1,0,0
ìXï‹òg,ACABBABZ165242T,202508,0,0.1563,0
ìXï‹òg,ACABBATZ347244T,202508,0,0,0.352291627
ìXï‹òg,ACABBAGZ256244T,202508,0,1.2503,0.352291627
ìXï‹òg,ACAAAAWZ165222T,202508,2,0.4688,0.352291627
ìXï‹òg,ACAAAABZ256224T,202508,0,0.1563,0
ìXï‹òg,ACAAAAKZ256243T,202508,0,0,0.704583255
ìXï‹òg,ACAAAASZ165222T,202508,0,0,0
ìXï‹òg,ACAAAATZ165222T,202508,0,0,0
ìXï‹òg,ACAAAAWZ256184,202508,0,0.4688,0.352291627
ìXï‹òg,ACAAAAWZ347224,202508,0,0.4688,0.704583255
ìXï‹òg,ACAAAAKZ165222T,202508,1,0.6251,0
ìXï‹òg,ACAAAATZ256204,202508,0,0.6251,0.704583255
ìXï‹òg,ACAABASZ347244T,202508,1,0,0
ìXï‹òg,ACAABABZ347244T,202508,0,0,0.352291627
ìXï‹òg,ACAABAKZ165242T,202508,0,0.1563,0
ìXï‹òg,ACAABAGZ165242T,202508,0,0,0
ìXï‹òg,ACABAAGZ165222T,202508,0,0,1.409166509
ìXï‹òg,ACABAATZ165242T,202508,0,0,0.704583255
ìXï‹òg,ACABAAKZ347244T,202508,0,0,0
ìXï‹òg,ACABAATZ347244T,202508,1,0,0
ìXï‹òg,ACABAAWZ347184,202508,0,0,0
ìXï‹òg,ACABAASZ347184,202508,0,0,0.704583255
ìXï‹òg,ACABAASZ256224,202508,0,0,0.704583255
ìXï‹òg,ACABBAGZ347244T,202508,0,0,0.352291627
ìXï‹òg,ACABBAKZ256244T,202508,0,0.6251,0.352291627
ìXï‹òg,ACABBAWZ165242T,202508,0,0.6251,1.409166509
ìXï‹òg,ACAAAAGZ256243T,202508,0,0,0.704583255
ìXï‹òg,ACAAAAGZ256224,202508,0,0.4688,0.352291627
ìXï‹òg,ACAAAASZ256224,202508,0,0.3126,0.704583255
ìXï‹òg,ACAAAASZ256223T,202508,0,0,0.352291627
ìXï‹òg,ACAAAAWZ347184,202508,0,0,0
ìXï‹òg,ACAAAAKZ347244T,202508,0,0.3126,0
ìXï‹òg,ACAAAAKZ256223T,202508,0,0,0.352291627
ìXï‹òg,ACAAAAWZ256223T,202508,0,0,0
ìXï‹òg,ACAAAABZ165222T,202508,0,0.7814,0.352291627
ìXï‹òg,ACAAAAGZ347224T,202508,0,1.2503,0
ìXï‹òg,ACAABABZ165242T,202508,0,0,0
ìXï‹òg,ACAABAKZ347244T,202508,0,0,0
ìXï‹òg,ACAABASZ165222T,202508,0,0.4688,0.704583255
ìXï‹òg,ACAABATZ165222T,202508,0,0.7814,0
ìXï‹òg,ACABAABZ256224T,202508,0,0,0
ìXï‹òg,ACABAAGZ347244T,202508,0,0,1.056874882
ìXï‹òg,ACABAASZ165242T,202508,0,0,0
ìXï‹òg,ACABAAGZ347224T,202508,0,0,0.352291627
ìXï‹òg,ACABAAWZ165242T,202508,0,0,0.704583255
ìXï‹òg,ACABAAGZ256224T,202508,0,0,0.352291627
ìXï‹òg,ACABBASZ165242T,202508,0,0,0
ìXï‹òg,ACABBASZ347224T,202508,0,0,0.352291627
ìXï‹òg,ACABBAGZ347224T,202508,0,0,0
ìXï‹òg,ACABBAKZ347244T,202508,0,0,0
ìXï‹òg,ACABBABZ256224T,202508,0,0.3126,0
ìXï‹òg,ACABBAGZ256224T,202508,0,0.4688,0.352291627
ìXï‹òg,ACAAAABZ256243T,202508,0,0,0.352291627
ìXï‹òg,ACAAAASZ256243T,202508,0,0,0.352291627
ìXï‹òg,ACAAAAWZ256243T,202508,0,0.3126,0
ìXï‹òg,ACAAAAKZ256244T,202508,0,0,0
ìXï‹òg,ACAAAAWZ165182,202509,298,235.4504,218.8173597
ìXï‹òg,ACAAAAWZ165202,202509,213,170.6939,179.718333
ìXï‹òg,ACABAAKZ165202,202509,160,156.3035,150.9085239
ìXï‹òg,ACAAAASZ165182,202509,73,110.53,88.14429692
ìXï‹òg,ACABAAKZ165182,202509,75,87.8729,103.9210971
ìXï‹òg,ACABAATZ165202,202509,74,79.2999,97.74756662
ìXï‹òg,ACABAAGZ165182,202509,95,77.9221,86.42942733
ìXï‹òg,ACABAAGZ165202,202509,72,66.8998,79.56994897
ìXï‹òg,ACABAASZ165202,202509,53,56.0305,55.21880079
ìXï‹òg,ACABAABZ165182,202509,47,52.0502,57.2766443
ìXï‹òg,ACABAATZ165182,202509,50,42.2525,54.18987904
ìXï‹òg,ACABAAWZ165202,202509,53,53.8872,62.76422699
ìXï‹òg,ACABAASZ165182,202509,31,36.5882,42.52876583
ìXï‹òg,ACABAAWZ165182,202509,41,28.0152,30.86765262
ìXï‹òg,ACAAAAKZ165182,202509,32,30.4646,32.58252221
ìXï‹òg,ACAAAASZ165202,202509,44,50.2131,27.43791344
ìXï‹òg,ACAAAABZ165182,202509,30,42.8648,48.35932243
ìXï‹òg,ACAAAAKZ165202,202509,34,27.0967,26.40899168
ìXï‹òg,ACAAAAGZ165182,202509,20,25.2596,28.46683519
ìXï‹òg,ACABAABZ165202,202509,28,26.1782,31.89657437
ìXï‹òg,ACAAAATZ165182,202509,12,21.1262,20.23546116
ìXï‹òg,ACAAAATZ165202,202509,30,13.3187,17.1486959
ìXï‹òg,ACAAAAWZ165222,202509,8,4.5927,9.946243621
ìXï‹òg,ACAAAABZ165202,202509,7,11.4817,11.31813929
ìXï‹òg,ACAAAAGZ165202,202509,7,11.0224,18.52059157
ìXï‹òg,ACABAATZ165222,202509,11,13.4718,14.74787847
ìXï‹òg,ACABAAKZ165222,202509,9,11.1755,10.28921754
ìXï‹òg,ACAAAATZ256203,202509,7,5.205,5.487582688
ìXï‹òg,ACAAAAKZ256203,202509,7,5.9705,7.888400113
ìXï‹òg,ACABAAGZ165222,202509,11,6.1235,6.859478359
ìXï‹òg,ACAAAASZ165222,202509,1,3.368,3.772713098
ìXï‹òg,ACABAAKZ256204,202509,8,7.8075,9.603269703
ìXï‹òg,ACAAAAKZ165222,202509,8,2.2963,3.42973918
ìXï‹òg,ACABAATZ256204,202509,8,0.6124,4.458660934
ìXï‹òg,ACABAATZ256184,202509,5,0.3062,4.801634852
ìXï‹òg,ACABAAWZ165222,202509,2,0.6124,2.743791344
ìXï‹òg,ACABAAGZ256204,202509,3,0.3062,5.487582688
ìXï‹òg,ACAAAAGZ256203,202509,2,1.9902,4.458660934
ìXï‹òg,ACABAAKZ347204,202509,1,0.6124,3.086765262
ìXï‹òg,ACAAAATZ256223,202509,1,2.1432,3.086765262
ìXï‹òg,ACABAAGZ347204,202509,1,0.3062,4.458660934
ìXï‹òg,ACABAASZ165222,202509,1,0.3062,4.115687016
ìXï‹òg,ACAAAASZ256203,202509,1,3.9803,5.830556606
ìXï‹òg,ACAAAAGZ256183,202509,4,0.4593,2.400817426
ìXï‹òg,ACAAAATZ165222,202509,3,2.4494,5.14460877
ìXï‹òg,ACABAATZ347204,202509,1,0.6124,0.685947836
ìXï‹òg,ACAAAAGZ256204,202509,6,0.9185,1.028921754
ìXï‹òg,ACAAAABZ256203,202509,2,2.2963,1.371895672
ìXï‹òg,ACABAAKZ347224,202509,3,0.3062,3.772713098
ìXï‹òg,ACAAAAGZ165222,202509,1,1.3778,1.71486959
ìXï‹òg,ACAAAASZ256183,202509,2,3.2149,0.342973918
ìXï‹òg,ACAAAATZ256184,202509,1,0.6124,1.371895672
ìXï‹òg,ACAAAABZ256183,202509,2,1.2247,2.057843508
ìXï‹òg,ACAAAABZ256204,202509,1,0.3062,0.342973918
ìXï‹òg,ACABAABZ256184,202509,0,0.1531,2.057843508
ìXï‹òg,ACABAAKZ256224,202509,0,0.3062,2.400817426
ìXï‹òg,ACAAAABZ165222,202509,3,0.7654,1.028921754
ìXï‹òg,ACAAAAGZ347184,202509,0,1.0716,1.71486959
ìXï‹òg,ACAAAAKZ256204,202509,0,1.3778,3.086765262
ìXï‹òg,ACAAAAKZ256183,202509,1,1.9902,3.42973918
ìXï‹òg,ACABAAGZ347224,202509,1,0.1531,1.028921754
ìXï‹òg,ACABAATZ256224,202509,0,0.3062,2.400817426
ìXï‹òg,ACABAASZ256204,202509,0,0.1531,2.743791344
ìXï‹òg,ACABBAGZ165222T,202509,2,0.6124,1.371895672
ìXï‹òg,ACAAAAKZ347184,202509,0,0.3062,0.342973918
ìXï‹òg,ACAAAAWZ256203,202509,0,3.0618,1.371895672
ìXï‹òg,ACAAAAKZ256223,202509,1,2.9087,3.42973918
ìXï‹òg,ACABAAWZ256204,202509,0,0,1.028921754
ìXï‹òg,ACABAABZ347204,202509,0,0,0.685947836
ìXï‹òg,ACAAAAGZ256184,202509,1,1.3778,1.71486959
ìXï‹òg,ACAAAATZ256183,202509,2,1.8371,3.086765262
ìXï‹òg,ACABAASZ347204,202509,1,0,1.71486959
ìXï‹òg,ACABAABZ256204,202509,1,0.3062,2.057843508
ìXï‹òg,ACABAATZ347224,202509,0,0.3062,2.057843508
ìXï‹òg,ACABAAKZ256184,202509,1,0.3062,4.115687016
ìXï‹òg,ACAAAAGZ347204,202509,1,1.3778,0.342973918
ìXï‹òg,ACAAAAWZ256223,202509,0,1.3778,0.342973918
ìXï‹òg,ACAAAABZ256184,202509,0,0.7654,1.028921754
ìXï‹òg,ACAAAAKZ347204,202509,1,0.7654,0.685947836
ìXï‹òg,ACAAAAGZ256223,202509,0,0.4593,2.400817426
ìXï‹òg,ACAAAASZ256223,202509,0,1.3778,2.057843508
ìXï‹òg,ACAAAAKZ256224,202509,0,1.0716,0.685947836
ìXï‹òg,ACABAABZ347184,202509,1,0.1531,0.342973918
ìXï‹òg,ACABAABZ165222,202509,2,0.1531,1.028921754
ìXï‹òg,ACABAAGZ347184,202509,1,0.3062,2.057843508
ìXï‹òg,ACABBAKZ165242T,202509,0,0.4593,1.371895672
ìXï‹òg,ACAAAATZ347204,202509,4,0.3062,0
ìXï‹òg,ACABAABZ347224,202509,3,0,0.342973918
ìXï‹òg,ACABAAWZ256224,202509,3,0,0.685947836
ìXï‹òg,ACABAATZ165222T,202509,5,0,0.685947836
ìXï‹òg,ACAAAAKZ256184,202509,0,1.2247,1.371895672
ìXï‹òg,ACAAAAWZ256204,202509,0,0.6124,0.342973918
ìXï‹òg,ACAAAATZ347224,202509,0,0.6124,0.342973918
ìXï‹òg,ACAABAGZ165222T,202509,0,0.9185,0.685947836
ìXï‹òg,ACABAAGZ256224,202509,1,0.1531,1.028921754
ìXï‹òg,ACABAASZ256184,202509,1,0.3062,0.685947836
ìXï‹òg,ACABAAKZ347184,202509,0,0.3062,0
ìXï‹òg,ACABAAGZ256184,202509,1,0.3062,2.057843508
ìXï‹òg,ACABBAKZ165222T,202509,0,1.2247,1.371895672
ìXï‹òg,ACAAAABZ347204,202509,0,0.7654,1.028921754
ìXï‹òg,ACAAAABZ347184,202509,0,1.5309,0.685947836
ìXï‹òg,ACAAAASZ256204,202509,1,1.9902,1.028921754
ìXï‹òg,ACAABASZ165242T,202509,1,0,0
ìXï‹òg,ACABAABZ165222T,202509,0,0,0
ìXï‹òg,ACABAASZ165222T,202509,0,0,0
ìXï‹òg,ACABAASZ347224,202509,0,0.1531,1.371895672
ìXï‹òg,ACABAAKZ165222T,202509,0,0.1531,1.028921754
ìXï‹òg,ACABAABZ256224,202509,1,0.1531,0.342973918
ìXï‹òg,ACABBAGZ165242T,202509,3,0.3062,0.342973918
ìXï‹òg,ACABBATZ165222T,202509,0,0.6124,0.342973918
ìXï‹òg,ACABBAWZ165222T,202509,0,0,0
ìXï‹òg,ACABBABZ165222T,202509,0,0.4593,0
ìXï‹òg,ACAAAASZ347184,202509,0,0.4593,0.685947836
ìXï‹òg,ACAAAATZ347184,202509,0,0.1531,0.685947836
ìXï‹òg,ACAAAABZ256223,202509,1,0.7654,0.685947836
ìXï‹òg,ACAAAABZ256224,202509,2,0.3062,0
ìXï‹òg,ACAAAABZ347224,202509,0,0,1.028921754
ìXï‹òg,ACAAAASZ256184,202509,0,0.9185,1.028921754
ìXï‹òg,ACAAAATZ256224,202509,1,0.6124,0
ìXï‹òg,ACAAAAWZ256183,202509,0,0.9185,0.685947836
ìXï‹òg,ACAAAAKZ347224,202509,0,0.3062,1.71486959
ìXï‹òg,ACAAAASZ347204,202509,2,0.7654,1.028921754
ìXï‹òg,ACABAAKZ256224T,202509,0,0,0
ìXï‹òg,ACABAAWZ347204,202509,0,0.1531,1.028921754
ìXï‹òg,ACABAAWZ256184,202509,0,0,0
ìXï‹òg,ACABAAGZ165242T,202509,0,0,0.685947836
ìXï‹òg,ACABAAWZ347224,202509,0,0,0
ìXï‹òg,ACABAAKZ165242T,202509,0,0,2.743791344
ìXï‹òg,ACABBATZ165242T,202509,1,0.6124,0.685947836
ìXï‹òg,ACAAAAWZ256224,202509,2,0,0.685947836
ìXï‹òg,ACAAAAGZ165222T,202509,0,0.1531,0.342973918
ìXï‹òg,ACAAAASZ347224,202509,1,0,0.342973918
ìXï‹òg,ACAAAAGZ347224,202509,1,0.3062,3.086765262
ìXï‹òg,ACAAAAKZ165242T,202509,0,0.1531,0
ìXï‹òg,ACAAAAWZ347204,202509,0,0.7654,1.028921754
ìXï‹òg,ACAABABZ165222T,202509,0,0.3062,1.028921754
ìXï‹òg,ACAABATZ165242T,202509,0,0.1531,0.342973918
ìXï‹òg,ACAABAWZ165242T,202509,1,0.9185,0.342973918
ìXï‹òg,ACAABAWZ165222T,202509,0,0.7654,0.342973918
ìXï‹òg,ACAABAKZ165222T,202509,0,0.4593,1.028921754
ìXï‹òg,ACABAAWZ165222T,202509,0,0,0.342973918
ìXï‹òg,ACABAATZ347184,202509,0,0,0.342973918
ìXï‹òg,ACABBASZ165222T,202509,0,0,0
ìXï‹òg,ACABBABZ165242T,202509,0,0.1531,0
ìXï‹òg,ACABBATZ347244T,202509,0,0,0.342973918
ìXï‹òg,ACABBAGZ256244T,202509,0,1.3778,0.342973918
ìXï‹òg,ACAAAAWZ165222T,202509,0,0.3062,0.342973918
ìXï‹òg,ACAAAABZ256224T,202509,1,0,0
ìXï‹òg,ACAAAAKZ256243T,202509,0,0.1531,0.685947836
ìXï‹òg,ACAAAASZ165222T,202509,0,0,0
ìXï‹òg,ACAAAATZ165222T,202509,0,0.1531,0
ìXï‹òg,ACAAAAWZ256184,202509,0,0.3062,0.342973918
ìXï‹òg,ACAAAAWZ347224,202509,0,0.4593,0.685947836
ìXï‹òg,ACAAAAKZ165222T,202509,0,0.7654,0
ìXï‹òg,ACAAAATZ256204,202509,0,0.6124,0.685947836
ìXï‹òg,ACAABASZ347244T,202509,0,0,0
ìXï‹òg,ACAABABZ347244T,202509,0,0,0.342973918
ìXï‹òg,ACAABAKZ165242T,202509,0,0,0
ìXï‹òg,ACAABAGZ165242T,202509,0,0.1531,0
ìXï‹òg,ACABAAGZ165222T,202509,0,0,1.371895672
ìXï‹òg,ACABAATZ165242T,202509,0,0,0.685947836
ìXï‹òg,ACABAAKZ347244T,202509,0,0,0
ìXï‹òg,ACABAATZ347244T,202509,0,0,0
ìXï‹òg,ACABAAWZ347184,202509,0,0,0
ìXï‹òg,ACABAASZ347184,202509,0,0,0.685947836
ìXï‹òg,ACABAASZ256224,202509,0,0.1531,0.685947836
ìXï‹òg,ACABBAGZ347244T,202509,1,0.1531,0.342973918
ìXï‹òg,ACABBAKZ256244T,202509,0,0.4593,0.342973918
ìXï‹òg,ACABBAWZ165242T,202509,1,0.6124,1.371895672
ìXï‹òg,ACAAAAGZ256243T,202509,0,0,0.685947836
ìXï‹òg,ACAAAAGZ256224,202509,0,0.6124,0.342973918
ìXï‹òg,ACAAAASZ256224,202509,0,0.3062,0.685947836
ìXï‹òg,ACAAAASZ256223T,202509,0,0,0.342973918
ìXï‹òg,ACAAAAWZ347184,202509,0,0,0
ìXï‹òg,ACAAAAKZ347244T,202509,0,0.1531,0
ìXï‹òg,ACAAAAKZ256223T,202509,0,0.1531,0.342973918
ìXï‹òg,ACAAAAWZ256223T,202509,0,0,0
ìXï‹òg,ACAAAABZ165222T,202509,0,0.7654,0.342973918
ìXï‹òg,ACAAAAGZ347224T,202509,0,1.2247,0
ìXï‹òg,ACAABABZ165242T,202509,0,0.1531,0
ìXï‹òg,ACAABAKZ347244T,202509,0,0.1531,0
ìXï‹òg,ACAABASZ165222T,202509,0,0.6124,0.685947836
ìXï‹òg,ACAABATZ165222T,202509,0,0.7654,0
ìXï‹òg,ACABAABZ256224T,202509,0,0,0
ìXï‹òg,ACABAAGZ347244T,202509,0,0,1.028921754
ìXï‹òg,ACABAASZ165242T,202509,0,0,0
ìXï‹òg,ACABAAGZ347224T,202509,0,0,0.342973918
ìXï‹òg,ACABAAWZ165242T,202509,0,0,0.685947836
ìXï‹òg,ACABAAGZ256224T,202509,0,0,0.342973918
ìXï‹òg,ACABBASZ165242T,202509,0,0,0
ìXï‹òg,ACABBASZ347224T,202509,0,0,0.342973918
ìXï‹òg,ACABBAGZ347224T,202509,0,0,0
ìXï‹òg,ACABBAKZ347244T,202509,0,0,0
ìXï‹òg,ACABBABZ256224T,202509,0,0.1531,0
ìXï‹òg,ACABBAGZ256224T,202509,0,0.3062,0.342973918
ìXï‹òg,ACAAAABZ256243T,202509,0,0,0.342973918
ìXï‹òg,ACAAAASZ256243T,202509,0,0,0.342973918
ìXï‹òg,ACAAAAWZ256243T,202509,0,0.1531,0
ìXï‹òg,ACAAAAKZ256244T,202509,0,0,0
ìXï‹òg,ACAAAAWZ165182,202510,128,253.9284,255.7094595
ìXï‹òg,ACAAAAWZ165202,202510,189,213.7003,210.0184275
ìXï‹òg,ACABAAKZ165202,202510,151,174.3824,176.3513514
ìXï‹òg,ACAAAASZ165182,202510,60,131.4239,103.0052211
ìXï‹òg,ACABAAKZ165182,202510,105,99.9331,121.4419533
ìXï‹òg,ACABAATZ165202,202510,95,92.652,114.2275799
ìXï‹òg,ACABAAGZ165182,202510,97,86.6451,101.0012285
ìXï‹òg,ACABAAGZ165202,202510,76,79.728,92.98525799
ìXï‹òg,ACABAASZ165202,202510,59,65.894,64.52856265
ìXï‹òg,ACABAABZ165182,202510,48,63.3456,66.93335381
ìXï‹òg,ACABAATZ165182,202510,60,51.1497,63.32616708
ìXï‹òg,ACABAAWZ165202,202510,47,66.076,73.34613022
ìXï‹òg,ACABAASZ165182,202510,36,40.4101,49.6990172
ìXï‹òg,ACABAAWZ165182,202510,37,32.0368,36.07186732
ìXï‹òg,ACAAAAKZ165182,202510,45,37.6797,38.07585995
ìXï‹òg,ACAAAASZ165202,202510,44,50.9677,32.06388206
ìXï‹òg,ACAAAABZ165182,202510,33,53.152,56.51259214
ìXï‹òg,ACAAAAKZ165202,202510,60,28.9424,30.86148649
ìXï‹òg,ACAAAAGZ165182,202510,31,32.4009,33.26627764
ìXï‹òg,ACABAABZ165202,202510,33,31.4908,37.2742629
ìXï‹òg,ACAAAATZ165182,202510,22,26.394,23.64711302
ìXï‹òg,ACAAAATZ165202,202510,13,17.4746,20.03992629
ìXï‹òg,ACAAAAWZ165222,202510,22,3.6406,11.62315725
ìXï‹òg,ACAAAABZ165202,202510,19,13.288,13.22635135
ìXï‹òg,ACAAAAGZ165202,202510,16,16.2004,21.64312039
ìXï‹òg,ACABAATZ165222,202510,9,16.0184,17.23433661
ìXï‹òg,ACABAAKZ165222,202510,8,13.288,12.02395577
ìXï‹òg,ACAAAATZ256203,202510,6,5.8249,6.412776413
ìXï‹òg,ACAAAAKZ256203,202510,12,6.1889,9.218366093
ìXï‹òg,ACABAAGZ165222,202510,7,7.0991,8.015970516
ìXï‹òg,ACAAAASZ165222,202510,14,3.2765,4.408783784
ìXï‹òg,ACABAAKZ256204,202510,10,9.4654,11.22235872
ìXï‹òg,ACAAAAKZ165222,202510,18,2.7304,4.007985258
ìXï‹òg,ACABAATZ256204,202510,10,0.5461,5.210380835
ìXï‹òg,ACABAATZ256184,202510,5,0.3641,5.611179361
ìXï‹òg,ACABAAWZ165222,202510,5,0.5461,3.206388206
ìXï‹òg,ACABAAGZ256204,202510,4,0.5461,6.412776413
ìXï‹òg,ACAAAAGZ256203,202510,8,2.3664,5.210380835
ìXï‹òg,ACABAAKZ347204,202510,6,0.5461,3.607186732
ìXï‹òg,ACAAAATZ256223,202510,3,2.7304,3.607186732
ìXï‹òg,ACABAAGZ347204,202510,3,0.3641,5.210380835
ìXï‹òg,ACABAASZ165222,202510,4,0.3641,4.80958231
ìXï‹òg,ACAAAASZ256203,202510,2,4.7327,6.813574939
ìXï‹òg,ACAAAAGZ256183,202510,1,0.5461,2.805589681
ìXï‹òg,ACAAAATZ165222,202510,2,2.7304,6.011977887
ìXï‹òg,ACABAATZ347204,202510,2,0.5461,0.801597052
ìXï‹òg,ACAAAAGZ256204,202510,3,1.0922,1.202395577
ìXï‹òg,ACAAAABZ256203,202510,1,2.5484,1.603194103
ìXï‹òg,ACABAAKZ347224,202510,2,0.5461,4.408783784
ìXï‹òg,ACAAAAGZ165222,202510,2,1.8203,2.003992629
ìXï‹òg,ACAAAASZ256183,202510,1,3.8226,0.400798526
ìXï‹òg,ACAAAATZ256184,202510,1,0.5461,1.603194103
ìXï‹òg,ACAAAABZ256183,202510,1,1.4562,2.404791155
ìXï‹òg,ACAAAABZ256204,202510,5,0.182,0.400798526
ìXï‹òg,ACABAABZ256184,202510,2,0.182,2.404791155
ìXï‹òg,ACABAAKZ256224,202510,1,0.3641,2.805589681
ìXï‹òg,ACAAAABZ165222,202510,0,0.7281,1.202395577
ìXï‹òg,ACAAAAGZ347184,202510,4,1.0922,2.003992629
ìXï‹òg,ACAAAAKZ256204,202510,3,1.8203,3.607186732
ìXï‹òg,ACAAAAKZ256183,202510,0,2.0023,4.007985258
ìXï‹òg,ACABAAGZ347224,202510,0,0.182,1.202395577
ìXï‹òg,ACABAATZ256224,202510,4,0.3641,2.805589681
ìXï‹òg,ACABAASZ256204,202510,3,0.182,3.206388206
ìXï‹òg,ACABBAGZ165222T,202510,2,0.5461,1.603194103
ìXï‹òg,ACAAAAKZ347184,202510,2,0.182,0.400798526
ìXï‹òg,ACAAAAWZ256203,202510,0,3.0945,1.603194103
ìXï‹òg,ACAAAAKZ256223,202510,1,3.6406,4.007985258
ìXï‹òg,ACABAAWZ256204,202510,2,0,1.202395577
ìXï‹òg,ACABAABZ347204,202510,1,0,0.801597052
ìXï‹òg,ACAAAAGZ256184,202510,0,1.8203,2.003992629
ìXï‹òg,ACAAAATZ256183,202510,1,1.8203,3.607186732
ìXï‹òg,ACABAASZ347204,202510,0,0,2.003992629
ìXï‹òg,ACABAABZ256204,202510,1,0.3641,2.404791155
ìXï‹òg,ACABAATZ347224,202510,1,0.3641,2.404791155
ìXï‹òg,ACABAAKZ256184,202510,1,0.3641,4.80958231
ìXï‹òg,ACAAAAGZ347204,202510,0,1.8203,0.400798526
ìXï‹òg,ACAAAAWZ256223,202510,4,1.8203,0.400798526
ìXï‹òg,ACAAAABZ256184,202510,0,0.7281,1.202395577
ìXï‹òg,ACAAAAKZ347204,202510,1,0.9101,0.801597052
ìXï‹òg,ACAAAAGZ256223,202510,2,0.5461,2.805589681
ìXï‹òg,ACAAAASZ256223,202510,0,1.6382,2.404791155
ìXï‹òg,ACAAAAKZ256224,202510,3,0.9101,0.801597052
ìXï‹òg,ACABAABZ347184,202510,0,0.182,0.400798526
ìXï‹òg,ACABAABZ165222,202510,0,0.182,1.202395577
ìXï‹òg,ACABAAGZ347184,202510,0,0.3641,2.404791155
ìXï‹òg,ACABBAKZ165242T,202510,3,0.5461,1.603194103
ìXï‹òg,ACAAAATZ347204,202510,1,0.3641,0
ìXï‹òg,ACABAABZ347224,202510,1,0,0.400798526
ìXï‹òg,ACABAAWZ256224,202510,0,0,0.801597052
ìXï‹òg,ACABAATZ165222T,202510,0,0,0.801597052
ìXï‹òg,ACAAAAKZ256184,202510,1,1.4562,1.603194103
ìXï‹òg,ACAAAAWZ256204,202510,0,0.5461,0.400798526
ìXï‹òg,ACAAAATZ347224,202510,0,0.7281,0.400798526
ìXï‹òg,ACAABAGZ165222T,202510,2,1.0922,0.801597052
ìXï‹òg,ACABAAGZ256224,202510,1,0.182,1.202395577
ìXï‹òg,ACABAASZ256184,202510,1,0.3641,0.801597052
ìXï‹òg,ACABAAKZ347184,202510,1,0.3641,0
ìXï‹òg,ACABAAGZ256184,202510,0,0.3641,2.404791155
ìXï‹òg,ACABBAKZ165222T,202510,1,1.4562,1.603194103
ìXï‹òg,ACAAAABZ347204,202510,1,1.0922,1.202395577
ìXï‹òg,ACAAAABZ347184,202510,1,1.6382,0.801597052
ìXï‹òg,ACAAAASZ256204,202510,2,2.3664,1.202395577
ìXï‹òg,ACAABASZ165242T,202510,3,0,0
ìXï‹òg,ACABAABZ165222T,202510,2,0,0
ìXï‹òg,ACABAASZ165222T,202510,0,0,0
ìXï‹òg,ACABAASZ347224,202510,2,0.182,1.603194103
ìXï‹òg,ACABAAKZ165222T,202510,1,0.182,1.202395577
ìXï‹òg,ACABAABZ256224,202510,1,0.182,0.400798526
ìXï‹òg,ACABBAGZ165242T,202510,0,0.5461,0.400798526
ìXï‹òg,ACABBATZ165222T,202510,1,0.7281,0.400798526
ìXï‹òg,ACABBAWZ165222T,202510,0,0,0
ìXï‹òg,ACABBABZ165222T,202510,1,0.3641,0
ìXï‹òg,ACAAAASZ347184,202510,0,0.3641,0.801597052
ìXï‹òg,ACAAAATZ347184,202510,0,0.182,0.801597052
ìXï‹òg,ACAAAABZ256223,202510,0,0.7281,0.801597052
ìXï‹òg,ACAAAABZ256224,202510,0,0.3641,0
ìXï‹òg,ACAAAABZ347224,202510,0,0,1.202395577
ìXï‹òg,ACAAAASZ256184,202510,1,1.2742,1.202395577
ìXï‹òg,ACAAAATZ256224,202510,0,0.7281,0
ìXï‹òg,ACAAAAWZ256183,202510,0,1.2742,0.801597052
ìXï‹òg,ACAAAAKZ347224,202510,2,0.5461,2.003992629
ìXï‹òg,ACAAAASZ347204,202510,1,1.0922,1.202395577
ìXï‹òg,ACABAAKZ256224T,202510,1,0,0
ìXï‹òg,ACABAAWZ347204,202510,0,0.182,1.202395577
ìXï‹òg,ACABAAWZ256184,202510,0,0,0
ìXï‹òg,ACABAAGZ165242T,202510,1,0,0.801597052
ìXï‹òg,ACABAAWZ347224,202510,0,0,0
ìXï‹òg,ACABAAKZ165242T,202510,1,0,3.206388206
ìXï‹òg,ACABBATZ165242T,202510,0,0.5461,0.801597052
ìXï‹òg,ACAAAAWZ256224,202510,0,0,0.801597052
ìXï‹òg,ACAAAAGZ165222T,202510,1,0.182,0.400798526
ìXï‹òg,ACAAAASZ347224,202510,1,0,0.400798526
ìXï‹òg,ACAAAAGZ347224,202510,0,0.5461,3.607186732
ìXï‹òg,ACAAAAKZ165242T,202510,0,0.182,0
ìXï‹òg,ACAAAAWZ347204,202510,0,0.5461,1.202395577
ìXï‹òg,ACAABABZ165222T,202510,0,0.5461,1.202395577
ìXï‹òg,ACAABATZ165242T,202510,0,0.182,0.400798526
ìXï‹òg,ACAABAWZ165242T,202510,0,1.2742,0.400798526
ìXï‹òg,ACAABAWZ165222T,202510,1,0.7281,0.400798526
ìXï‹òg,ACAABAKZ165222T,202510,0,0.3641,1.202395577
ìXï‹òg,ACABAAWZ165222T,202510,0,0,0.400798526
ìXï‹òg,ACABAATZ347184,202510,0,0,0.400798526
ìXï‹òg,ACABBASZ165222T,202510,1,0,0
ìXï‹òg,ACABBABZ165242T,202510,1,0.182,0
ìXï‹òg,ACABBATZ347244T,202510,1,0,0.400798526
ìXï‹òg,ACABBAGZ256244T,202510,0,1.6382,0.400798526
ìXï‹òg,ACAAAAWZ165222T,202510,0,0.3641,0.400798526
ìXï‹òg,ACAAAABZ256224T,202510,0,0,0
ìXï‹òg,ACAAAAKZ256243T,202510,1,0.3641,0.801597052
ìXï‹òg,ACAAAASZ165222T,202510,0,0,0
ìXï‹òg,ACAAAATZ165222T,202510,0,0.182,0
ìXï‹òg,ACAAAAWZ256184,202510,0,0.3641,0.400798526
ìXï‹òg,ACAAAAWZ347224,202510,0,0.3641,0.801597052
ìXï‹òg,ACAAAAKZ165222T,202510,0,1.0922,0
ìXï‹òg,ACAAAATZ256204,202510,1,0.7281,0.801597052
ìXï‹òg,ACAABASZ347244T,202510,0,0,0
ìXï‹òg,ACAABABZ347244T,202510,0,0,0.400798526
ìXï‹òg,ACAABAKZ165242T,202510,0,0,0
ìXï‹òg,ACAABAGZ165242T,202510,1,0.182,0
ìXï‹òg,ACABAAGZ165222T,202510,0,0,1.603194103
ìXï‹òg,ACABAATZ165242T,202510,0,0,0.801597052
ìXï‹òg,ACABAAKZ347244T,202510,0,0,0
ìXï‹òg,ACABAATZ347244T,202510,0,0,0
ìXï‹òg,ACABAAWZ347184,202510,0,0,0
ìXï‹òg,ACABAASZ347184,202510,0,0,0.801597052
ìXï‹òg,ACABAASZ256224,202510,0,0.182,0.801597052
ìXï‹òg,ACABBAGZ347244T,202510,0,0.3641,0.400798526
ìXï‹òg,ACABBAKZ256244T,202510,0,0.3641,0.400798526
ìXï‹òg,ACABBAWZ165242T,202510,0,0.9101,1.603194103
ìXï‹òg,ACAAAAGZ256243T,202510,1,0,0.801597052
ìXï‹òg,ACAAAAGZ256224,202510,0,0.5461,0.400798526
ìXï‹òg,ACAAAASZ256224,202510,1,0.3641,0.801597052
ìXï‹òg,ACAAAASZ256223T,202510,0,0,0.400798526
ìXï‹òg,ACAAAAWZ347184,202510,0,0,0
ìXï‹òg,ACAAAAKZ347244T,202510,0,0.182,0
ìXï‹òg,ACAAAAKZ256223T,202510,0,0.182,0.400798526
ìXï‹òg,ACAAAAWZ256223T,202510,0,0,0
ìXï‹òg,ACAAAABZ165222T,202510,0,0.5461,0.400798526
ìXï‹òg,ACAAAAGZ347224T,202510,0,1.2742,0
ìXï‹òg,ACAABABZ165242T,202510,0,0.182,0
ìXï‹òg,ACAABAKZ347244T,202510,0,0.182,0
ìXï‹òg,ACAABASZ165222T,202510,0,0.7281,0.801597052
ìXï‹òg,ACAABATZ165222T,202510,0,0.9101,0
ìXï‹òg,ACABAABZ256224T,202510,0,0,0
ìXï‹òg,ACABAAGZ347244T,202510,0,0,1.202395577
ìXï‹òg,ACABAASZ165242T,202510,0,0,0
ìXï‹òg,ACABAAGZ347224T,202510,0,0,0.400798526
ìXï‹òg,ACABAAWZ165242T,202510,0,0,0.801597052
ìXï‹òg,ACABAAGZ256224T,202510,0,0,0.400798526
ìXï‹òg,ACABBASZ165242T,202510,0,0,0
ìXï‹òg,ACABBASZ347224T,202510,0,0,0.400798526
ìXï‹òg,ACABBAGZ347224T,202510,0,0,0
ìXï‹òg,ACABBAKZ347244T,202510,0,0,0
ìXï‹òg,ACABBABZ256224T,202510,0,0.182,0
ìXï‹òg,ACABBAGZ256224T,202510,0,0.5461,0.400798526
ìXï‹òg,ACAAAABZ256243T,202510,0,0,0.400798526
ìXï‹òg,ACAAAASZ256243T,202510,0,0,0.400798526
ìXï‹òg,ACAAAAWZ256243T,202510,0,0.182,0
ìXï‹òg,ACAAAAKZ256244T,202510,0,0,0
ìXï‹òg,ACAAAAWZ165182,202511,156,274.7343,243.4703742
ìXï‹òg,ACAAAAWZ165202,202511,203,218.6914,199.9662635
ìXï‹òg,ACABAAKZ165202,202511,128,168.3057,167.9106029
ìXï‹òg,ACAAAASZ165182,202511,80,110.4948,98.0750567
ìXï‹òg,ACABAAKZ165182,202511,91,93.5228,115.629347
ìXï‹òg,ACABAATZ165202,202511,94,85.2136,108.7602769
ìXï‹òg,ACABAAGZ165182,202511,114,80.0867,96.16698167
ìXï‹òg,ACABAAGZ165202,202511,74,76.9044,88.53468153
ìXï‹òg,ACABAASZ165202,202511,66,65.0594,61.44001607
ìXï‹òg,ACABAABZ165182,202511,60,53.9215,63.7297061
ìXï‹òg,ACABAATZ165182,202511,54,46.8498,60.29517105
ìXï‹òg,ACABAAWZ165202,202511,56,59.7556,69.83554621
ìXï‹òg,ACABAASZ165182,202511,37,36.2423,47.32026082
ìXï‹òg,ACABAAWZ165182,202511,45,32.8833,34.3453506
ìXï‹òg,ACAAAAKZ165182,202511,32,35.5351,36.25342563
ìXï‹òg,ACAAAASZ165202,202511,22,46.1426,30.52920053
ìXï‹òg,ACAAAABZ165182,202511,36,41.0157,53.80771593
ìXï‹òg,ACAAAAKZ165202,202511,15,28.9938,29.38435551
ìXï‹òg,ACAAAAGZ165182,202511,27,29.5242,31.67404555
ìXï‹òg,ACABAABZ165202,202511,26,28.2867,35.49019562
ìXï‹òg,ACAAAATZ165182,202511,16,21.9222,22.51528539
ìXï‹òg,ACAAAATZ165202,202511,11,16.2648,19.08075033
ìXï‹òg,ACAAAAWZ165222,202511,13,4.4198,11.06683519
ìXï‹òg,ACAAAABZ165202,202511,2,12.729,12.59329522
ìXï‹òg,ACAAAAGZ165202,202511,9,16.2648,20.60721036
ìXï‹òg,ACABAATZ165222,202511,10,15.5577,16.40944528
ìXï‹òg,ACABAAKZ165222,202511,8,12.3754,11.4484502
ìXï‹òg,ACAAAATZ256203,202511,5,6.0109,6.105840106
ìXï‹òg,ACAAAAKZ256203,202511,10,5.6573,8.777145152
ìXï‹òg,ACABAAGZ165222,202511,7,8.3092,7.632300132
ìXï‹òg,ACAAAASZ165222,202511,0,2.6519,4.197765073
ìXï‹òg,ACABAAKZ256204,202511,6,9.1932,10.68522019
ìXï‹òg,ACAAAAKZ165222,202511,3,3.1823,3.816150066
ìXï‹òg,ACABAATZ256204,202511,3,0.5304,4.960995086
ìXï‹òg,ACABAATZ256184,202511,5,0.3536,5.342610093
ìXï‹òg,ACABAAWZ165222,202511,5,0.5304,3.052920053
ìXï‹òg,ACABAAGZ256204,202511,2,0.5304,6.105840106
ìXï‹òg,ACAAAAGZ256203,202511,3,2.1215,4.960995086
ìXï‹òg,ACABAAKZ347204,202511,3,0.5304,3.43453506
ìXï‹òg,ACAAAATZ256223,202511,1,2.6519,3.43453506
ìXï‹òg,ACABAAGZ347204,202511,5,0.3536,4.960995086
ìXï‹òg,ACABAASZ165222,202511,4,0.3536,4.579380079
ìXï‹òg,ACAAAASZ256203,202511,3,4.7734,6.487455112
ìXï‹òg,ACAAAAGZ256183,202511,2,0.5304,2.671305046
ìXï‹òg,ACAAAATZ165222,202511,3,2.6519,5.724225099
ìXï‹òg,ACABAATZ347204,202511,3,0.5304,0.763230013
ìXï‹òg,ACAAAAGZ256204,202511,2,1.0608,1.14484502
ìXï‹òg,ACAAAABZ256203,202511,2,2.2983,1.526460026
ìXï‹òg,ACABAAKZ347224,202511,5,0.7072,4.197765073
ìXï‹òg,ACAAAAGZ165222,202511,1,2.2983,1.908075033
ìXï‹òg,ACAAAASZ256183,202511,2,3.1823,0.381615007
ìXï‹òg,ACAAAATZ256184,202511,0,0.5304,1.526460026
ìXï‹òg,ACAAAABZ256183,202511,2,1.4143,2.28969004
ìXï‹òg,ACAAAABZ256204,202511,3,0.3536,0.381615007
ìXï‹òg,ACABAABZ256184,202511,1,0,2.28969004
ìXï‹òg,ACABAAKZ256224,202511,4,0.3536,2.671305046
ìXï‹òg,ACAAAABZ165222,202511,0,0.884,1.14484502
ìXï‹òg,ACAAAAGZ347184,202511,3,1.0608,1.908075033
ìXï‹òg,ACAAAAKZ256204,202511,2,1.4143,3.43453506
ìXï‹òg,ACAAAAKZ256183,202511,3,1.7679,3.816150066
ìXï‹òg,ACABAAGZ347224,202511,3,0.3536,1.14484502
ìXï‹òg,ACABAATZ256224,202511,0,0.3536,2.671305046
ìXï‹òg,ACABAASZ256204,202511,3,0,3.052920053
ìXï‹òg,ACABBAGZ165222T,202511,2,0.5304,1.526460026
ìXï‹òg,ACAAAAKZ347184,202511,3,0,0.381615007
ìXï‹òg,ACAAAAWZ256203,202511,1,2.2983,1.526460026
ìXï‹òg,ACAAAAKZ256223,202511,0,3.7126,3.816150066
ìXï‹òg,ACABAAWZ256204,202511,0,0,1.14484502
ìXï‹òg,ACABAABZ347204,202511,1,0,0.763230013
ìXï‹òg,ACAAAAGZ256184,202511,3,1.7679,1.908075033
ìXï‹òg,ACAAAATZ256183,202511,0,1.2375,3.43453506
ìXï‹òg,ACABAASZ347204,202511,1,0,1.908075033
ìXï‹òg,ACABAABZ256204,202511,2,0.3536,2.28969004
ìXï‹òg,ACABAATZ347224,202511,0,0.3536,2.28969004
ìXï‹òg,ACABAAKZ256184,202511,0,0.3536,4.579380079
ìXï‹òg,ACAAAAGZ347204,202511,1,1.4143,0.381615007
ìXï‹òg,ACAAAAWZ256223,202511,0,1.4143,0.381615007
ìXï‹òg,ACAAAABZ256184,202511,0,0.7072,1.14484502
ìXï‹òg,ACAAAAKZ347204,202511,1,0.7072,0.763230013
ìXï‹òg,ACAAAAGZ256223,202511,2,0.7072,2.671305046
ìXï‹òg,ACAAAASZ256223,202511,5,1.0608,2.28969004
ìXï‹òg,ACAAAAKZ256224,202511,0,1.2375,0.763230013
ìXï‹òg,ACABAABZ347184,202511,1,0.3536,0.381615007
ìXï‹òg,ACABAABZ165222,202511,0,0,1.14484502
ìXï‹òg,ACABAAGZ347184,202511,1,0.3536,2.28969004
ìXï‹òg,ACABBAKZ165242T,202511,0,0.7072,1.526460026
ìXï‹òg,ACAAAATZ347204,202511,0,0.3536,0
ìXï‹òg,ACABAABZ347224,202511,2,0,0.381615007
ìXï‹òg,ACABAAWZ256224,202511,0,0,0.763230013
ìXï‹òg,ACABAATZ165222T,202511,0,0,0.763230013
ìXï‹òg,ACAAAAKZ256184,202511,0,1.4143,1.526460026
ìXï‹òg,ACAAAAWZ256204,202511,0,0.5304,0.381615007
ìXï‹òg,ACAAAATZ347224,202511,0,0.7072,0.381615007
ìXï‹òg,ACAABAGZ165222T,202511,1,0.7072,0.763230013
ìXï‹òg,ACABAAGZ256224,202511,1,0,1.14484502
ìXï‹òg,ACABAASZ256184,202511,1,0.3536,0.763230013
ìXï‹òg,ACABAAKZ347184,202511,0,0.3536,0
ìXï‹òg,ACABAAGZ256184,202511,1,0.3536,2.28969004
ìXï‹òg,ACABBAKZ165222T,202511,1,1.2375,1.526460026
ìXï‹òg,ACAAAABZ347204,202511,0,1.0608,1.14484502
ìXï‹òg,ACAAAABZ347184,202511,1,1.0608,0.763230013
ìXï‹òg,ACAAAASZ256204,202511,0,2.4751,1.14484502
ìXï‹òg,ACAABASZ165242T,202511,0,0,0
ìXï‹òg,ACABAABZ165222T,202511,1,0,0
ìXï‹òg,ACABAASZ165222T,202511,0,0,0
ìXï‹òg,ACABAASZ347224,202511,0,0,1.526460026
ìXï‹òg,ACABAAKZ165222T,202511,1,0.3536,1.14484502
ìXï‹òg,ACABAABZ256224,202511,0,0,0.381615007
ìXï‹òg,ACABBAGZ165242T,202511,1,0.5304,0.381615007
ìXï‹òg,ACABBATZ165222T,202511,0,0.7072,0.381615007
ìXï‹òg,ACABBAWZ165222T,202511,1,0,0
ìXï‹òg,ACABBABZ165222T,202511,1,0.1768,0
ìXï‹òg,ACAAAASZ347184,202511,0,0.1768,0.763230013
ìXï‹òg,ACAAAATZ347184,202511,1,0,0.763230013
ìXï‹òg,ACAAAABZ256223,202511,1,0.7072,0.763230013
ìXï‹òg,ACAAAABZ256224,202511,1,0.3536,0
ìXï‹òg,ACAAAABZ347224,202511,0,0,1.14484502
ìXï‹òg,ACAAAASZ256184,202511,1,0.884,1.14484502
ìXï‹òg,ACAAAATZ256224,202511,1,0.884,0
ìXï‹òg,ACAAAAWZ256183,202511,0,0.884,0.763230013
ìXï‹òg,ACAAAAKZ347224,202511,0,0.7072,1.908075033
ìXï‹òg,ACAAAASZ347204,202511,0,1.4143,1.14484502
ìXï‹òg,ACABAAKZ256224T,202511,0,0,0
ìXï‹òg,ACABAAWZ347204,202511,1,0.3536,1.14484502
ìXï‹òg,ACABAAWZ256184,202511,2,0,0
ìXï‹òg,ACABAAGZ165242T,202511,0,0,0.763230013
ìXï‹òg,ACABAAWZ347224,202511,1,0,0
ìXï‹òg,ACABAAKZ165242T,202511,0,0,3.052920053
ìXï‹òg,ACABBATZ165242T,202511,0,0.5304,0.763230013
ìXï‹òg,ACAAAAWZ256224,202511,0,0,0.763230013
ìXï‹òg,ACAAAAGZ165222T,202511,0,0.3536,0.381615007
ìXï‹òg,ACAAAASZ347224,202511,0,0,0.381615007
ìXï‹òg,ACAAAAGZ347224,202511,0,0.5304,3.43453506
ìXï‹òg,ACAAAAKZ165242T,202511,0,0.3536,0
ìXï‹òg,ACAAAAWZ347204,202511,0,0.5304,1.14484502
ìXï‹òg,ACAABABZ165222T,202511,1,0.7072,1.14484502
ìXï‹òg,ACAABATZ165242T,202511,0,0.3536,0.381615007
ìXï‹òg,ACAABAWZ165242T,202511,1,1.0608,0.381615007
ìXï‹òg,ACAABAWZ165222T,202511,1,0.3536,0.381615007
ìXï‹òg,ACAABAKZ165222T,202511,0,0.1768,1.14484502
ìXï‹òg,ACABAAWZ165222T,202511,0,0,0.381615007
ìXï‹òg,ACABAATZ347184,202511,0,0,0.381615007
ìXï‹òg,ACABBASZ165222T,202511,0,0,0
ìXï‹òg,ACABBABZ165242T,202511,0,0.3536,0
ìXï‹òg,ACABBATZ347244T,202511,1,0,0.381615007
ìXï‹òg,ACABBAGZ256244T,202511,2,1.0608,0.381615007
ìXï‹òg,ACAAAAWZ165222T,202511,0,0.3536,0.381615007
ìXï‹òg,ACAAAABZ256224T,202511,0,0,0
ìXï‹òg,ACAAAAKZ256243T,202511,0,0.5304,0.763230013
ìXï‹òg,ACAAAASZ165222T,202511,0,0,0
ìXï‹òg,ACAAAATZ165222T,202511,0,0.3536,0
ìXï‹òg,ACAAAAWZ256184,202511,0,0.3536,0.381615007
ìXï‹òg,ACAAAAWZ347224,202511,0,0.1768,0.763230013
ìXï‹òg,ACAAAAKZ165222T,202511,0,0.884,0
ìXï‹òg,ACAAAATZ256204,202511,0,0.7072,0.763230013
ìXï‹òg,ACAABASZ347244T,202511,0,0,0
ìXï‹òg,ACAABABZ347244T,202511,1,0,0.381615007
ìXï‹òg,ACAABAKZ165242T,202511,0,0,0
ìXï‹òg,ACAABAGZ165242T,202511,0,0.3536,0
ìXï‹òg,ACABAAGZ165222T,202511,1,0,1.526460026
ìXï‹òg,ACABAATZ165242T,202511,0,0,0.763230013
ìXï‹òg,ACABAAKZ347244T,202511,1,0,0
ìXï‹òg,ACABAATZ347244T,202511,0,0,0
ìXï‹òg,ACABAAWZ347184,202511,0,0,0
ìXï‹òg,ACABAASZ347184,202511,0,0,0.763230013
ìXï‹òg,ACABAASZ256224,202511,1,0.3536,0.763230013
ìXï‹òg,ACABBAGZ347244T,202511,0,0.5304,0.381615007
ìXï‹òg,ACABBAKZ256244T,202511,0,0.1768,0.381615007
ìXï‹òg,ACABBAWZ165242T,202511,0,1.2375,1.526460026
ìXï‹òg,ACAAAAGZ256243T,202511,0,0,0.763230013
ìXï‹òg,ACAAAAGZ256224,202511,1,0.5304,0.381615007
ìXï‹òg,ACAAAASZ256224,202511,0,0.5304,0.763230013
ìXï‹òg,ACAAAASZ256223T,202511,1,0,0.381615007
ìXï‹òg,ACAAAAWZ347184,202511,0,0,0
ìXï‹òg,ACAAAAKZ347244T,202511,0,0,0
ìXï‹òg,ACAAAAKZ256223T,202511,0,0.3536,0.381615007
ìXï‹òg,ACAAAAWZ256223T,202511,0,0,0
ìXï‹òg,ACAAAABZ165222T,202511,0,0.5304,0.381615007
ìXï‹òg,ACAAAAGZ347224T,202511,0,0.884,0
ìXï‹òg,ACAABABZ165242T,202511,0,0.3536,0
ìXï‹òg,ACAABAKZ347244T,202511,0,0.3536,0
ìXï‹òg,ACAABASZ165222T,202511,0,0.7072,0.763230013
ìXï‹òg,ACAABATZ165222T,202511,0,0.7072,0
ìXï‹òg,ACABAABZ256224T,202511,0,0,0
ìXï‹òg,ACABAAGZ347244T,202511,0,0,1.14484502
ìXï‹òg,ACABAASZ165242T,202511,0,0,0
ìXï‹òg,ACABAAGZ347224T,202511,0,0,0.381615007
ìXï‹òg,ACABAAWZ165242T,202511,0,0,0.763230013
ìXï‹òg,ACABAAGZ256224T,202511,0,0,0.381615007
ìXï‹òg,ACABBASZ165242T,202511,0,0,0
ìXï‹òg,ACABBASZ347224T,202511,0,0,0.381615007
ìXï‹òg,ACABBAGZ347224T,202511,0,0,0
ìXï‹òg,ACABBAKZ347244T,202511,0,0,0
ìXï‹òg,ACABBABZ256224T,202511,0,0,0
ìXï‹òg,ACABBAGZ256224T,202511,0,0.5304,0.381615007
ìXï‹òg,ACAAAABZ256243T,202511,0,0,0.381615007
ìXï‹òg,ACAAAASZ256243T,202511,0,0,0.381615007
ìXï‹òg,ACAAAAWZ256243T,202511,0,0,0
ìXï‹òg,ACAAAAKZ256244T,202511,0,0,0
