シリーズ,商品コード,年月,実績,ハイブリッド,現行計画
本舗,AAAAA000001,202506,339,237.1978,227.7344075
本舗,AAAAA000002,202506,167,162.0396,187.0420525
本舗,AAAAA000003,202506,132,164.6091,157.0582121
本舗,AAAAA000004,202506,92,95.5536,91.73627386
本舗,AAAAA000005,202506,96,95.393,108.155996
本舗,AAAAA000006,202506,90,87.2027,101.7308874
本舗,AAAAA000007,202506,72,86.3997,89.95152145
本舗,AAAAA000008,202506,89,72.7492,82.81251181
本舗,AAAAA000009,202506,54,62.3106,57.46902759
本舗,AAAAA000010,202506,59,59.2593,59.61073049
本舗,AAAAA000011,202506,50,48.9813,56.39817615
本舗,AAAAA000012,202506,42,52.6749,65.3219382
本舗,AAAAA000013,202506,34,38.5426,44.26185976
本舗,AAAAA000014,202506,33,29.0676,32.12554338
本舗,AAAAA000015,202506,31,33.5642,33.91029579
本舗,AAAAA000016,202506,48,45.4482,28.55603856
本舗,AAAAA000017,202506,30,44.1634,50.33001796
本舗,AAAAA000018,202506,31,28.4252,27.48518711
本舗,AAAAA000019,202506,26,30.8341,29.62689
本舗,AAAAA000020,202506,31,27.301,33.19639482
本舗,AAAAA000021,202506,19,22.6438,21.06007844
本舗,AAAAA000022,202506,7,18.1472,17.8475241
本舗,AAAAA000023,202506,16,6.4238,10.35156398
本舗,AAAAA000024,202506,17,13.3293,11.7793659
本舗,AAAAA000025,202506,8,14.4535,19.27532603
本舗,AAAAA000026,202506,7,14.2929,15.34887072
本舗,AAAAA000027,202506,7,9.7963,10.70851446
本舗,AAAAA000028,202506,24,5.6208,5.711207711
本舗,AAAAA000029,202506,7,8.6721,8.209861085
本舗,AAAAA000030,202506,5,5.6208,7.139009639
本舗,AAAAA000031,202506,10,4.4966,3.926455301
本舗,AAAAA000032,202506,12,7.0661,9.994613495
本舗,AAAAA000033,202506,2,2.8907,3.56950482
本舗,AAAAA000034,202506,9,0.9636,4.640356265
本舗,AAAAA000035,202506,9,1.9271,4.997306747
本舗,AAAAA000036,202506,7,0.4818,2.855603856
本舗,AAAAA000037,202506,6,1.2848,5.711207711
本舗,AAAAA000038,202506,4,3.2119,4.640356265
本舗,AAAAA000039,202506,6,1.1242,3.212554338
本舗,AAAAA000040,202506,7,3.0513,3.212554338
本舗,AAAAA000041,202506,3,0.803,4.640356265
本舗,AAAAA000042,202506,3,0.9636,4.283405783
本舗,AAAAA000043,202506,5,4.4966,6.068158193
本舗,AAAAA000044,202506,2,1.9271,2.498653374
本舗,AAAAA000045,202506,4,2.8907,5.354257229
本舗,AAAAA000046,202506,5,0.4818,0.713900964
本舗,AAAAA000047,202506,0,1.1242,1.070851446
本舗,AAAAA000048,202506,2,2.0877,1.427801928
本舗,AAAAA000049,202506,0,1.2848,3.926455301
本舗,AAAAA000050,202506,6,1.7665,1.78475241
本舗,AAAAA000051,202506,1,2.5695,0.356950482
本舗,AAAAA000052,202506,4,1.9271,1.427801928
本舗,AAAAA000053,202506,3,1.4453,2.141702892
本舗,AAAAA000054,202506,1,0.803,0.356950482
本舗,AAAAA000055,202506,2,0.6424,2.141702892
本舗,AAAAA000056,202506,2,0.9636,2.498653374
本舗,AAAAA000057,202506,2,0.803,1.070851446
本舗,AAAAA000058,202506,2,1.9271,1.78475241
本舗,AAAAA000059,202506,1,1.2848,3.212554338
本舗,AAAAA000060,202506,1,3.2119,3.56950482
本舗,AAAAA000061,202506,2,0.1606,1.070851446
本舗,AAAAA000062,202506,2,0.1606,2.498653374
本舗,AAAAA000063,202506,2,0.9636,2.855603856
本舗,AAAAA000064,202506,1,0.803,1.427801928
本舗,AAAAA000065,202506,2,1.1242,0.356950482
本舗,AAAAA000066,202506,4,3.3725,1.427801928
本舗,AAAAA000067,202506,2,3.5331,3.56950482
本舗,AAAAA000068,202506,1,0,1.070851446
本舗,AAAAA000069,202506,3,0.1606,0.713900964
本舗,AAAAA000070,202506,3,1.1242,1.78475241
本舗,AAAAA000071,202506,3,2.8907,3.212554338
本舗,AAAAA000072,202506,3,0.4818,1.78475241
本舗,AAAAA000073,202506,0,0.6424,2.141702892
本舗,AAAAA000074,202506,1,0.6424,2.141702892
本舗,AAAAA000075,202506,4,1.7665,4.283405783
本舗,AAAAA000076,202506,1,0.4818,0.356950482
本舗,AAAAA000077,202506,2,0.3212,0.356950482
本舗,AAAAA000078,202506,4,1.1242,1.070851446
本舗,AAAAA000079,202506,0,0.3212,0.713900964
本舗,AAAAA000080,202506,0,1.4453,2.498653374
本舗,AAAAA000081,202506,0,0.4818,2.141702892
本舗,AAAAA000082,202506,1,2.2483,0.713900964
本舗,AAAAA000083,202506,2,0.3212,0.356950482
本舗,AAAAA000084,202506,2,0.3212,1.070851446
本舗,AAAAA000085,202506,3,0.803,2.141702892
本舗,AAAAA000086,202506,1,0.9636,1.427801928
本舗,AAAAA000087,202506,0,0.3212,0
本舗,AAAAA000088,202506,0,0,0.356950482
本舗,AAAAA000089,202506,3,0,0.713900964
本舗,AAAAA000090,202506,0,0.3212,0.713900964
本舗,AAAAA000091,202506,0,1.2848,1.427801928
本舗,AAAAA000092,202506,0,1.9271,0.356950482
本舗,AAAAA000093,202506,2,0.3212,0.356950482
本舗,AAAAA000094,202506,2,0.6424,0.713900964
本舗,AAAAA000095,202506,0,0.1606,1.070851446
本舗,AAAAA000096,202506,0,0.1606,0.713900964
本舗,AAAAA000097,202506,1,0.3212,0
本舗,AAAAA000098,202506,1,0.4818,2.141702892
本舗,AAAAA000099,202506,0,0.803,1.427801928
本舗,AAAAA000100,202506,1,0.6424,1.070851446
本舗,AAAAA000101,202506,0,1.1242,0.713900964
本舗,AAAAA000102,202506,1,1.9271,1.070851446
本舗,AAAAA000103,202506,0,0,0
本舗,AAAAA000104,202506,0,0,0
本舗,AAAAA000105,202506,2,0,0
本舗,AAAAA000106,202506,0,0.4818,1.427801928
本舗,AAAAA000107,202506,2,0.1606,1.070851446
本舗,AAAAA000108,202506,0,0.3212,0.356950482
本舗,AAAAA000109,202506,0,0.6424,0.356950482
本舗,AAAAA000110,202506,1,0.6424,0.356950482
本舗,AAAAA000111,202506,1,0.4818,0
本舗,AAAAA000112,202506,1,0.6424,0
本舗,AAAAA000113,202506,0,0.803,0.713900964
本舗,AAAAA000114,202506,0,0.803,0.713900964
本舗,AAAAA000115,202506,0,0.803,0.713900964
本舗,AAAAA000116,202506,0,0.3212,0
本舗,AAAAA000117,202506,2,0.6424,1.070851446
本舗,AAAAA000118,202506,0,0.6424,1.070851446
本舗,AAAAA000119,202506,0,0.6424,0
本舗,AAAAA000120,202506,2,0.803,0.713900964
本舗,AAAAA000121,202506,0,0.803,1.78475241
本舗,AAAAA000122,202506,0,0.3212,1.070851446
本舗,AAAAA000123,202506,0,0,0
本舗,AAAAA000124,202506,0,0.1606,1.070851446
本舗,AAAAA000125,202506,0,0,0
本舗,AAAAA000126,202506,0,0,0.713900964
本舗,AAAAA000127,202506,1,0,0
本舗,AAAAA000128,202506,2,0.1606,2.855603856
本舗,AAAAA000129,202506,1,0.3212,0.713900964
本舗,AAAAA000130,202506,0,0.1606,0.713900964
本舗,AAAAA000131,202506,0,0.1606,0.356950482
本舗,AAAAA000132,202506,0,0.1606,0.356950482
本舗,AAAAA000133,202506,0,0.6424,3.212554338
本舗,AAAAA000134,202506,2,0.1606,0
本舗,AAAAA000135,202506,0,0.9636,1.070851446
本舗,AAAAA000136,202506,0,0.4818,1.070851446
本舗,AAAAA000137,202506,0,0.6424,0.356950482
本舗,AAAAA000138,202506,0,0.6424,0.356950482
本舗,AAAAA000139,202506,0,0.9636,0.356950482
本舗,AAAAA000140,202506,0,0.6424,1.070851446
本舗,AAAAA000141,202506,1,0,0.356950482
本舗,AAAAA000142,202506,1,0.1606,0.356950482
本舗,AAAAA000143,202506,0,0,0
本舗,AAAAA000144,202506,1,0.4818,0
本舗,AAAAA000145,202506,0,0,0.356950482
本舗,AAAAA000146,202506,0,0.3212,0.356950482
本舗,AAAAA000147,202506,0,0.6424,0.356950482
本舗,AAAAA000148,202506,0,0.4818,0
本舗,AAAAA000149,202506,0,0.1606,0.713900964
本舗,AAAAA000150,202506,0,0,0
本舗,AAAAA000151,202506,1,0,0
本舗,AAAAA000152,202506,0,0.803,0.356950482
本舗,AAAAA000153,202506,1,0.3212,0.713900964
本舗,AAAAA000154,202506,0,0.3212,0
本舗,AAAAA000155,202506,0,0.803,0.713900964
本舗,AAAAA000156,202506,0,0,0
本舗,AAAAA000157,202506,0,0,0.356950482
本舗,AAAAA000158,202506,1,0.4818,0
本舗,AAAAA000159,202506,0,0,0
本舗,AAAAA000160,202506,0,0.1606,1.427801928
本舗,AAAAA000161,202506,1,0.3212,0.713900964
本舗,AAAAA000162,202506,0,0,0
本舗,AAAAA000163,202506,0,0,0
本舗,AAAAA000164,202506,1,0,0
本舗,AAAAA000165,202506,1,0.3212,0.713900964
本舗,AAAAA000166,202506,0,0.3212,0.713900964
本舗,AAAAA000167,202506,0,0,0.356950482
本舗,AAAAA000168,202506,0,0.803,0.356950482
本舗,AAAAA000169,202506,0,0.9636,1.427801928
本舗,AAAAA000170,202506,0,0,0.713900964
本舗,AAAAA000171,202506,0,0.1606,0.356950482
本舗,AAAAA000172,202506,0,0.6424,0.713900964
本舗,AAAAA000173,202506,0,0,0.356950482
本舗,AAAAA000174,202506,1,0,0
本舗,AAAAA000175,202506,0,0.1606,0
本舗,AAAAA000176,202506,0,0.3212,0.356950482
本舗,AAAAA000177,202506,0,0,0
本舗,AAAAA000178,202506,0,1.1242,0.356950482
本舗,AAAAA000179,202506,0,0.803,0
本舗,AAAAA000180,202506,0,0,0
本舗,AAAAA000181,202506,0,0,0
本舗,AAAAA000182,202506,0,0.1606,0.713900964
本舗,AAAAA000183,202506,0,0.6424,0
本舗,AAAAA000184,202506,0,0,0
本舗,AAAAA000185,202506,0,0,1.070851446
本舗,AAAAA000186,202506,0,0,0
本舗,AAAAA000187,202506,0,0,0.356950482
本舗,AAAAA000188,202506,0,0,0.713900964
本舗,AAAAA000189,202506,0,0,0.356950482
本舗,AAAAA000190,202506,0,0,0
本舗,AAAAA000191,202506,0,0.1606,0.356950482
本舗,AAAAA000192,202506,0,0,0
本舗,AAAAA000193,202506,0,0,0
本舗,AAAAA000194,202506,0,0.1606,0
本舗,AAAAA000195,202506,0,0.6424,0.356950482
本舗,AAAAA000196,202506,0,0,0.356950482
本舗,AAAAA000197,202506,0,0.1606,0.356950482
本舗,AAAAA000198,202506,0,0.1606,0
本舗,AAAAA000199,202506,0,0,0
本舗,AAAAA000200,202507,537,304.1883,262.5283784
本舗,AAAAA000201,202507,271,201.1042,215.6189189
本舗,AAAAA000202,202507,187,186.2746,181.0540541
本舗,AAAAA000203,202507,171,125.1476,105.752027
本舗,AAAAA000204,202507,98,105.0734,124.6804054
本舗,AAAAA000205,202507,97,96.7543,117.2736486
本舗,AAAAA000206,202507,74,98.0202,103.6945946
本舗,AAAAA000207,202507,60,76.68,95.46486486
本舗,AAAAA000208,202507,76,73.2439,66.24932432
本舗,AAAAA000209,202507,53,62.5738,68.71824324
本舗,AAAAA000210,202507,60,52.0846,65.01486486
本舗,AAAAA000211,202507,45,62.9355,75.30202703
本舗,AAAAA000212,202507,53,44.4889,51.02432432
本舗,AAAAA000213,202507,46,33.4571,37.03378378
本舗,AAAAA000214,202507,55,38.1592,39.09121622
本舗,AAAAA000215,202507,22,62.0313,32.91891892
本舗,AAAAA000216,202507,34,52.9888,58.01959459
本舗,AAAAA000217,202507,25,32.9145,31.68445946
本舗,AAAAA000218,202507,33,32.372,34.15337838
本舗,AAAAA000219,202507,23,30.021,38.26824324
本舗,AAAAA000220,202507,21,23.8721,24.2777027
本舗,AAAAA000221,202507,32,19.17,20.57432432
本舗,AAAAA000222,202507,16,8.3191,11.93310811
本舗,AAAAA000223,202507,13,14.8296,13.57905405
本舗,AAAAA000224,202507,15,13.3828,22.22027027
本舗,AAAAA000225,202507,11,15.9147,17.69391892
本舗,AAAAA000226,202507,18,11.936,12.34459459
本舗,AAAAA000227,202507,6,6.1489,6.583783784
本舗,AAAAA000228,202507,3,9.0425,9.464189189
本舗,AAAAA000229,202507,10,7.0531,8.22972973
本舗,AAAAA000230,202507,11,5.2446,4.526351351
本舗,AAAAA000231,202507,4,8.4999,11.52162162
本舗,AAAAA000232,202507,3,3.2553,4.114864865
本舗,AAAAA000233,202507,3,0.5425,5.349324324
本舗,AAAAA000234,202507,10,0.5425,5.760810811
本舗,AAAAA000235,202507,8,0.5425,3.291891892
本舗,AAAAA000236,202507,9,0.5425,6.583783784
本舗,AAAAA000237,202507,6,2.7127,5.349324324
本舗,AAAAA000238,202507,9,0.7234,3.703378378
本舗,AAAAA000239,202507,4,2.7127,3.703378378
本舗,AAAAA000240,202507,4,0.3617,5.349324324
本舗,AAAAA000241,202507,4,0.3617,4.937837838
本舗,AAAAA000242,202507,2,4.5212,6.99527027
本舗,AAAAA000243,202507,3,1.2659,2.880405405
本舗,AAAAA000244,202507,2,2.7127,6.172297297
本舗,AAAAA000245,202507,0,0.5425,0.822972973
本舗,AAAAA000246,202507,1,1.0851,1.234459459
本舗,AAAAA000247,202507,5,2.5319,1.645945946
本舗,AAAAA000248,202507,3,0.5425,4.526351351
本舗,AAAAA000249,202507,1,1.8085,2.057432432
本舗,AAAAA000250,202507,3,3.2553,0.411486486
本舗,AAAAA000251,202507,7,1.6276,1.645945946
本舗,AAAAA000252,202507,1,1.6276,2.468918919
本舗,AAAAA000253,202507,0,0.7234,0.411486486
本舗,AAAAA000254,202507,3,0.3617,2.468918919
本舗,AAAAA000255,202507,3,0.5425,2.880405405
本舗,AAAAA000256,202507,2,1.0851,1.234459459
本舗,AAAAA000257,202507,0,1.8085,2.057432432
本舗,AAAAA000258,202507,2,1.0851,3.703378378
本舗,AAAAA000259,202507,4,2.8936,4.114864865
本舗,AAAAA000260,202507,1,0,1.234459459
本舗,AAAAA000261,202507,3,0.1808,2.880405405
本舗,AAAAA000262,202507,2,0.3617,3.291891892
本舗,AAAAA000263,202507,3,0.7234,1.645945946
本舗,AAAAA000264,202507,2,1.0851,0.411486486
本舗,AAAAA000265,202507,3,3.9787,1.645945946
本舗,AAAAA000266,202507,4,3.617,4.114864865
本舗,AAAAA000267,202507,4,0,1.234459459
本舗,AAAAA000268,202507,2,0,0.822972973
本舗,AAAAA000269,202507,1,1.0851,2.057432432
本舗,AAAAA000270,202507,2,2.8936,3.703378378
本舗,AAAAA000271,202507,2,0.1808,2.057432432
本舗,AAAAA000272,202507,2,0.3617,2.468918919
本舗,AAAAA000273,202507,4,0.3617,2.468918919
本舗,AAAAA000274,202507,1,0.5425,4.937837838
本舗,AAAAA000275,202507,2,0.9042,0.411486486
本舗,AAAAA000276,202507,0,0.7234,0.411486486
本舗,AAAAA000277,202507,2,1.2659,1.234459459
本舗,AAAAA000278,202507,1,0.5425,0.822972973
本舗,AAAAA000279,202507,2,1.2659,2.880405405
本舗,AAAAA000280,202507,0,0.9042,2.468918919
本舗,AAAAA000281,202507,2,2.1702,0.822972973
本舗,AAAAA000282,202507,2,0.1808,0.411486486
本舗,AAAAA000283,202507,0,0.1808,1.234459459
本舗,AAAAA000284,202507,1,0.3617,2.468918919
本舗,AAAAA000285,202507,1,0.9042,1.645945946
本舗,AAAAA000286,202507,0,0.3617,0
本舗,AAAAA000287,202507,0,0,0.411486486
本舗,AAAAA000288,202507,0,0,0.822972973
本舗,AAAAA000289,202507,1,0.1808,0.822972973
本舗,AAAAA000290,202507,2,1.2659,1.645945946
本舗,AAAAA000291,202507,5,1.9893,0.411486486
本舗,AAAAA000292,202507,2,0.5425,0.411486486
本舗,AAAAA000293,202507,0,0.7234,0.822972973
本舗,AAAAA000294,202507,1,0.1808,1.234459459
本舗,AAAAA000295,202507,1,0.1808,0.822972973
本舗,AAAAA000296,202507,3,0.3617,0
本舗,AAAAA000297,202507,1,0.3617,2.468918919
本舗,AAAAA000298,202507,1,1.0851,1.645945946
本舗,AAAAA000299,202507,1,0.7234,1.234459459
本舗,AAAAA000300,202507,1,1.4468,0.822972973
本舗,AAAAA000301,202507,0,2.351,1.234459459
本舗,AAAAA000302,202507,0,0,0
本舗,AAAAA000303,202507,0,0,0
本舗,AAAAA000304,202507,1,0,0
本舗,AAAAA000305,202507,0,0.1808,1.645945946
本舗,AAAAA000306,202507,0,0,1.234459459
本舗,AAAAA000307,202507,2,0.1808,0.411486486
本舗,AAAAA000308,202507,0,0.5425,0.411486486
本舗,AAAAA000309,202507,0,0.7234,0.411486486
本舗,AAAAA000310,202507,0,0.3617,0
本舗,AAAAA000311,202507,1,0.7234,0
本舗,AAAAA000312,202507,0,0.7234,0.822972973
本舗,AAAAA000313,202507,0,0.5425,0.822972973
本舗,AAAAA000314,202507,0,1.0851,0.822972973
本舗,AAAAA000315,202507,0,0.3617,0
本舗,AAAAA000316,202507,0,0.3617,1.234459459
本舗,AAAAA000317,202507,1,0.7234,1.234459459
本舗,AAAAA000318,202507,1,0.7234,0
本舗,AAAAA000319,202507,1,0.9042,0.822972973
本舗,AAAAA000320,202507,0,0.5425,2.057432432
本舗,AAAAA000321,202507,0,0.5425,1.234459459
本舗,AAAAA000322,202507,0,0,0
本舗,AAAAA000323,202507,0,0,1.234459459
本舗,AAAAA000324,202507,1,0,0
本舗,AAAAA000325,202507,0,0,0.822972973
本舗,AAAAA000326,202507,1,0,0
本舗,AAAAA000327,202507,0,0.1808,3.291891892
本舗,AAAAA000328,202507,1,0.5425,0.822972973
本舗,AAAAA000329,202507,0,0.1808,0.822972973
本舗,AAAAA000330,202507,1,0,0.411486486
本舗,AAAAA000331,202507,0,0.1808,0.411486486
本舗,AAAAA000332,202507,1,0.5425,3.703378378
本舗,AAAAA000333,202507,0,0.1808,0
本舗,AAAAA000334,202507,2,1.0851,1.234459459
本舗,AAAAA000335,202507,1,0.3617,1.234459459
本舗,AAAAA000336,202507,2,0.3617,0.411486486
本舗,AAAAA000337,202507,0,0.7234,0.411486486
本舗,AAAAA000338,202507,0,1.2659,0.411486486
本舗,AAAAA000339,202507,1,0.5425,1.234459459
本舗,AAAAA000340,202507,1,0,0.411486486
本舗,AAAAA000341,202507,1,0.1808,0.411486486
本舗,AAAAA000342,202507,0,0,0
本舗,AAAAA000343,202507,0,0.3617,0
本舗,AAAAA000344,202507,0,0,0.411486486
本舗,AAAAA000345,202507,0,0.7234,0.411486486
本舗,AAAAA000346,202507,0,0.5425,0.411486486
本舗,AAAAA000347,202507,0,0.3617,0
本舗,AAAAA000348,202507,0,0,0.822972973
本舗,AAAAA000349,202507,1,0,0
本舗,AAAAA000350,202507,0,0,0
本舗,AAAAA000351,202507,1,0.5425,0.411486486
本舗,AAAAA000352,202507,0,0.5425,0.822972973
本舗,AAAAA000353,202507,0,0.5425,0
本舗,AAAAA000354,202507,0,0.7234,0.822972973
本舗,AAAAA000355,202507,0,0,0
本舗,AAAAA000356,202507,0,0,0.411486486
本舗,AAAAA000357,202507,0,0.3617,0
本舗,AAAAA000358,202507,0,0,0
本舗,AAAAA000359,202507,0,0,1.645945946
本舗,AAAAA000360,202507,0,0,0.822972973
本舗,AAAAA000361,202507,0,0,0
本舗,AAAAA000362,202507,0,0,0
本舗,AAAAA000363,202507,0,0,0
本舗,AAAAA000364,202507,0,0,0.822972973
本舗,AAAAA000365,202507,0,0,0.822972973
本舗,AAAAA000366,202507,0,0,0.411486486
本舗,AAAAA000367,202507,1,0.7234,0.411486486
本舗,AAAAA000368,202507,0,1.0851,1.645945946
本舗,AAAAA000369,202507,0,0,0.822972973
本舗,AAAAA000370,202507,0,0.3617,0.411486486
本舗,AAAAA000371,202507,0,0.7234,0.822972973
本舗,AAAAA000372,202507,0,0,0.411486486
本舗,AAAAA000373,202507,0,0,0
本舗,AAAAA000374,202507,0,0.1808,0
本舗,AAAAA000375,202507,0,0.1808,0.411486486
本舗,AAAAA000376,202507,0,0,0
本舗,AAAAA000377,202507,0,1.2659,0.411486486
本舗,AAAAA000378,202507,0,1.0851,0
本舗,AAAAA000379,202507,0,0,0
本舗,AAAAA000380,202507,0,0,0
本舗,AAAAA000381,202507,0,0.3617,0.822972973
本舗,AAAAA000382,202507,0,0.7234,0
本舗,AAAAA000383,202507,0,0,0
本舗,AAAAA000384,202507,0,0,1.234459459
本舗,AAAAA000385,202507,0,0,0
本舗,AAAAA000386,202507,0,0,0.411486486
本舗,AAAAA000387,202507,0,0,0.822972973
本舗,AAAAA000388,202507,0,0,0.411486486
本舗,AAAAA000389,202507,0,0,0
本舗,AAAAA000390,202507,0,0,0.411486486
本舗,AAAAA000391,202507,0,0,0
本舗,AAAAA000392,202507,0,0,0
本舗,AAAAA000393,202507,0,0.1808,0
本舗,AAAAA000394,202507,0,0.5425,0.411486486
本舗,AAAAA000395,202507,0,0,0.411486486
本舗,AAAAA000396,202507,0,0,0.411486486
本舗,AAAAA000397,202507,0,0.1808,0
本舗,AAAAA000398,202507,0,0,0
本舗,AAAAA000399,202508,725,264.8985,224.7620582
本舗,AAAAA000400,202508,188,181.7563,184.6008127
本舗,AAAAA000401,202508,109,155.1883,155.008316
本舗,AAAAA000402,202508,164,115.4926,90.53894821
本舗,AAAAA000403,202508,93,88.4558,106.7443631
本舗,AAAAA000404,202508,88,80.7979,100.4031138
本舗,AAAAA000405,202508,58,77.6723,88.77749008
本舗,AAAAA000406,202508,55,68.6079,81.73165753
本舗,AAAAA000407,202508,39,58.2933,56.71895199
本舗,AAAAA000408,202508,58,54.5425,58.83270176
本舗,AAAAA000409,202508,38,43.9153,55.66207711
本舗,AAAAA000410,202508,42,54.5425,64.46936779
本舗,AAAAA000411,202508,51,38.1329,43.68416178
本舗,AAAAA000412,202508,39,26.8806,31.70624646
本舗,AAAAA000413,202508,31,30.475,33.46770459
本舗,AAAAA000414,202508,40,50.1666,28.18333018
本舗,AAAAA000415,202508,39,43.9153,49.67311945
本舗,AAAAA000416,202508,22,27.0368,27.1264553
本舗,AAAAA000417,202508,25,26.7243,29.24020507
本舗,AAAAA000418,202508,20,26.568,32.76312134
本舗,AAAAA000419,202508,14,23.1298,20.78520601
本舗,AAAAA000420,202508,8,14.2217,17.61458136
本舗,AAAAA000421,202508,12,4.3759,10.21645719
本舗,AAAAA000422,202508,12,11.8775,11.6256237
本舗,AAAAA000423,202508,9,12.0337,19.02374787
本舗,AAAAA000424,202508,14,13.7528,15.14853997
本舗,AAAAA000425,202508,10,10.3146,10.56874882
本舗,AAAAA000426,202508,6,5.001,5.636666037
本舗,AAAAA000427,202508,5,6.8764,8.102707428
本舗,AAAAA000428,202508,3,4.8448,7.045832546
本舗,AAAAA000429,202508,5,3.9071,3.8752079
本舗,AAAAA000430,202508,1,7.3453,9.864165564
本舗,AAAAA000431,202508,4,2.3442,3.522916273
本舗,AAAAA000432,202508,4,0.4688,4.579791155
本舗,AAAAA000433,202508,1,0.4688,4.932082782
本舗,AAAAA000434,202508,4,0.4688,2.818333018
本舗,AAAAA000435,202508,5,0.4688,5.636666037
本舗,AAAAA000436,202508,5,2.3442,4.579791155
本舗,AAAAA000437,202508,3,0.6251,3.170624646
本舗,AAAAA000438,202508,5,2.3442,3.170624646
本舗,AAAAA000439,202508,3,0.3126,4.579791155
本舗,AAAAA000440,202508,3,0.3126,4.227499527
本舗,AAAAA000441,202508,3,3.2819,5.988957664
本舗,AAAAA000442,202508,3,0.7814,2.466041391
本舗,AAAAA000443,202508,1,2.3442,5.284374409
本舗,AAAAA000444,202508,4,0.4688,0.704583255
本舗,AAAAA000445,202508,2,0.9377,1.056874882
本舗,AAAAA000446,202508,2,2.3442,1.409166509
本舗,AAAAA000447,202508,1,0.4688,3.8752079
本舗,AAAAA000448,202508,2,1.2503,1.761458136
本舗,AAAAA000449,202508,4,3.2819,0.352291627
本舗,AAAAA000450,202508,0,0.9377,1.409166509
本舗,AAAAA000451,202508,3,1.4065,2.113749764
本舗,AAAAA000452,202508,1,0.3126,0.352291627
本舗,AAAAA000453,202508,3,0.3126,2.113749764
本舗,AAAAA000454,202508,1,0.4688,2.466041391
本舗,AAAAA000455,202508,3,0.7814,1.056874882
本舗,AAAAA000456,202508,1,1.2503,1.761458136
本舗,AAAAA000457,202508,2,1.4065,3.170624646
本舗,AAAAA000458,202508,1,2.188,3.522916273
本舗,AAAAA000459,202508,3,0,1.056874882
本舗,AAAAA000460,202508,1,0.3126,2.466041391
本舗,AAAAA000461,202508,0,0.3126,2.818333018
本舗,AAAAA000462,202508,0,0.6251,1.409166509
本舗,AAAAA000463,202508,0,0.6251,0.352291627
本舗,AAAAA000464,202508,1,3.4382,1.409166509
本舗,AAAAA000465,202508,1,2.9694,3.522916273
本舗,AAAAA000466,202508,2,0,1.056874882
本舗,AAAAA000467,202508,2,0,0.704583255
本舗,AAAAA000468,202508,0,1.2503,1.761458136
本舗,AAAAA000469,202508,0,2.188,3.170624646
本舗,AAAAA000470,202508,1,0,1.761458136
本舗,AAAAA000471,202508,2,0.3126,2.113749764
本舗,AAAAA000472,202508,2,0.3126,2.113749764
本舗,AAAAA000473,202508,1,0.4688,4.227499527
本舗,AAAAA000474,202508,2,1.2503,0.352291627
本舗,AAAAA000475,202508,1,1.2503,0.352291627
本舗,AAAAA000476,202508,1,0.7814,1.056874882
本舗,AAAAA000477,202508,3,0.6251,0.704583255
本舗,AAAAA000478,202508,1,0.7814,2.466041391
本舗,AAAAA000479,202508,2,1.2503,2.113749764
本舗,AAAAA000480,202508,1,1.2503,0.704583255
本舗,AAAAA000481,202508,1,0,0.352291627
本舗,AAAAA000482,202508,3,0.3126,1.056874882
本舗,AAAAA000483,202508,1,0.3126,2.113749764
本舗,AAAAA000484,202508,2,0.6251,1.409166509
本舗,AAAAA000485,202508,1,0.3126,0
本舗,AAAAA000486,202508,0,0,0.352291627
本舗,AAAAA000487,202508,0,0,0.704583255
本舗,AAAAA000488,202508,0,0,0.704583255
本舗,AAAAA000489,202508,2,1.2503,1.409166509
本舗,AAAAA000490,202508,0,1.094,0.352291627
本舗,AAAAA000491,202508,1,0.4688,0.352291627
本舗,AAAAA000492,202508,0,0.9377,0.704583255
本舗,AAAAA000493,202508,1,0.3126,1.056874882
本舗,AAAAA000494,202508,1,0.3126,0.704583255
本舗,AAAAA000495,202508,0,0.3126,0
本舗,AAAAA000496,202508,1,0.3126,2.113749764
本舗,AAAAA000497,202508,2,1.2503,1.409166509
本舗,AAAAA000498,202508,1,0.7814,1.056874882
本舗,AAAAA000499,202508,1,1.5628,0.704583255
本舗,AAAAA000500,202508,0,1.8754,1.056874882
本舗,AAAAA000501,202508,0,0,0
本舗,AAAAA000502,202508,1,0,0
本舗,AAAAA000503,202508,1,0,0
本舗,AAAAA000504,202508,2,0.3126,1.409166509
本舗,AAAAA000505,202508,0,0,1.056874882
本舗,AAAAA000506,202508,0,0.3126,0.352291627
本舗,AAAAA000507,202508,0,0.4688,0.352291627
本舗,AAAAA000508,202508,2,0.6251,0.352291627
本舗,AAAAA000509,202508,2,0.1563,0
本舗,AAAAA000510,202508,0,0.6251,0
本舗,AAAAA000511,202508,3,0.6251,0.704583255
本舗,AAAAA000512,202508,2,0.4688,0.704583255
本舗,AAAAA000513,202508,1,0.7814,0.704583255
本舗,AAAAA000514,202508,0,0.3126,0
本舗,AAAAA000515,202508,1,0.1563,1.056874882
本舗,AAAAA000516,202508,0,0.9377,1.056874882
本舗,AAAAA000517,202508,0,0.6251,0
本舗,AAAAA000518,202508,0,1.094,0.704583255
本舗,AAAAA000519,202508,1,0.4688,1.761458136
本舗,AAAAA000520,202508,0,0.4688,1.056874882
本舗,AAAAA000521,202508,2,0,0
本舗,AAAAA000522,202508,2,0,1.056874882
本舗,AAAAA000523,202508,0,0,0
本舗,AAAAA000524,202508,2,0,0.704583255
本舗,AAAAA000525,202508,0,0,0
本舗,AAAAA000526,202508,0,0,2.818333018
本舗,AAAAA000527,202508,0,0.4688,0.704583255
本舗,AAAAA000528,202508,0,0,0.704583255
本舗,AAAAA000529,202508,0,0,0.352291627
本舗,AAAAA000530,202508,0,0,0.352291627
本舗,AAAAA000531,202508,0,0.4688,3.170624646
本舗,AAAAA000532,202508,0,0,0
本舗,AAAAA000533,202508,0,0.7814,1.056874882
本舗,AAAAA000534,202508,0,0.3126,1.056874882
本舗,AAAAA000535,202508,0,0.1563,0.352291627
本舗,AAAAA000536,202508,0,0.9377,0.352291627
本舗,AAAAA000537,202508,0,0.9377,0.352291627
本舗,AAAAA000538,202508,1,0.4688,1.056874882
本舗,AAAAA000539,202508,0,0,0.352291627
本舗,AAAAA000540,202508,0,0,0.352291627
本舗,AAAAA000541,202508,1,0,0
本舗,AAAAA000542,202508,0,0.1563,0
本舗,AAAAA000543,202508,0,0,0.352291627
本舗,AAAAA000544,202508,0,1.2503,0.352291627
本舗,AAAAA000545,202508,2,0.4688,0.352291627
本舗,AAAAA000546,202508,0,0.1563,0
本舗,AAAAA000547,202508,0,0,0.704583255
本舗,AAAAA000548,202508,0,0,0
本舗,AAAAA000549,202508,0,0,0
本舗,AAAAA000550,202508,0,0.4688,0.352291627
本舗,AAAAA000551,202508,0,0.4688,0.704583255
本舗,AAAAA000552,202508,1,0.6251,0
本舗,AAAAA000553,202508,0,0.6251,0.704583255
本舗,AAAAA000554,202508,1,0,0
本舗,AAAAA000555,202508,0,0,0.352291627
本舗,AAAAA000556,202508,0,0.1563,0
本舗,AAAAA000557,202508,0,0,0
本舗,AAAAA000558,202508,0,0,1.409166509
本舗,AAAAA000559,202508,0,0,0.704583255
本舗,AAAAA000560,202508,0,0,0
本舗,AAAAA000561,202508,1,0,0
本舗,AAAAA000562,202508,0,0,0
本舗,AAAAA000563,202508,0,0,0.704583255
本舗,AAAAA000564,202508,0,0,0.704583255
本舗,AAAAA000565,202508,0,0,0.352291627
本舗,AAAAA000566,202508,0,0.6251,0.352291627
本舗,AAAAA000567,202508,0,0.6251,1.409166509
本舗,AAAAA000568,202508,0,0,0.704583255
本舗,AAAAA000569,202508,0,0.4688,0.352291627
本舗,AAAAA000570,202508,0,0.3126,0.704583255
本舗,AAAAA000571,202508,0,0,0.352291627
本舗,AAAAA000572,202508,0,0,0
本舗,AAAAA000573,202508,0,0.3126,0
本舗,AAAAA000574,202508,0,0,0.352291627
本舗,AAAAA000575,202508,0,0,0
本舗,AAAAA000576,202508,0,0.7814,0.352291627
本舗,AAAAA000577,202508,0,1.2503,0
本舗,AAAAA000578,202508,0,0,0
本舗,AAAAA000579,202508,0,0,0
本舗,AAAAA000580,202508,0,0.4688,0.704583255
本舗,AAAAA000581,202508,0,0.7814,0
本舗,AAAAA000582,202508,0,0,0
本舗,AAAAA000583,202508,0,0,1.056874882
本舗,AAAAA000584,202508,0,0,0
本舗,AAAAA000585,202508,0,0,0.352291627
本舗,AAAAA000586,202508,0,0,0.704583255
本舗,AAAAA000587,202508,0,0,0.352291627
本舗,AAAAA000588,202508,0,0,0
本舗,AAAAA000589,202508,0,0,0.352291627
本舗,AAAAA000590,202508,0,0,0
本舗,AAAAA000591,202508,0,0,0
本舗,AAAAA000592,202508,0,0.3126,0
本舗,AAAAA000593,202508,0,0.4688,0.352291627
本舗,AAAAA000594,202508,0,0,0.352291627
本舗,AAAAA000595,202508,0,0,0.352291627
本舗,AAAAA000596,202508,0,0.3126,0
本舗,AAAAA000597,202508,0,0,0
本舗,AAAAA000598,202509,298,235.4504,218.8173597
本舗,AAAAA000599,202509,213,170.6939,179.718333
本舗,AAAAA000600,202509,160,156.3035,150.9085239
本舗,AAAAA000601,202509,73,110.53,88.14429692
本舗,AAAAA000602,202509,75,87.8729,103.9210971
本舗,AAAAA000603,202509,74,79.2999,97.74756662
本舗,AAAAA000604,202509,95,77.9221,86.42942733
本舗,AAAAA000605,202509,72,66.8998,79.56994897
本舗,AAAAA000606,202509,53,56.0305,55.21880079
本舗,AAAAA000607,202509,47,52.0502,57.2766443
本舗,AAAAA000608,202509,50,42.2525,54.18987904
本舗,AAAAA000609,202509,53,53.8872,62.76422699
本舗,AAAAA000610,202509,31,36.5882,42.52876583
本舗,AAAAA000611,202509,41,28.0152,30.86765262
本舗,AAAAA000612,202509,32,30.4646,32.58252221
本舗,AAAAA000613,202509,44,50.2131,27.43791344
本舗,AAAAA000614,202509,30,42.8648,48.35932243
本舗,AAAAA000615,202509,34,27.0967,26.40899168
本舗,AAAAA000616,202509,20,25.2596,28.46683519
本舗,AAAAA000617,202509,28,26.1782,31.89657437
本舗,AAAAA000618,202509,12,21.1262,20.23546116
本舗,AAAAA000619,202509,30,13.3187,17.1486959
本舗,AAAAA000620,202509,8,4.5927,9.946243621
本舗,AAAAA000621,202509,7,11.4817,11.31813929
本舗,AAAAA000622,202509,7,11.0224,18.52059157
本舗,AAAAA000623,202509,11,13.4718,14.74787847
本舗,AAAAA000624,202509,9,11.1755,10.28921754
本舗,AAAAA000625,202509,7,5.205,5.487582688
本舗,AAAAA000626,202509,7,5.9705,7.888400113
本舗,AAAAA000627,202509,11,6.1235,6.859478359
本舗,AAAAA000628,202509,1,3.368,3.772713098
本舗,AAAAA000629,202509,8,7.8075,9.603269703
本舗,AAAAA000630,202509,8,2.2963,3.42973918
本舗,AAAAA000631,202509,8,0.6124,4.458660934
本舗,AAAAA000632,202509,5,0.3062,4.801634852
本舗,AAAAA000633,202509,2,0.6124,2.743791344
本舗,AAAAA000634,202509,3,0.3062,5.487582688
本舗,AAAAA000635,202509,2,1.9902,4.458660934
本舗,AAAAA000636,202509,1,0.6124,3.086765262
本舗,AAAAA000637,202509,1,2.1432,3.086765262
本舗,AAAAA000638,202509,1,0.3062,4.458660934
本舗,AAAAA000639,202509,1,0.3062,4.115687016
本舗,AAAAA000640,202509,1,3.9803,5.830556606
本舗,AAAAA000641,202509,4,0.4593,2.400817426
本舗,AAAAA000642,202509,3,2.4494,5.14460877
本舗,AAAAA000643,202509,1,0.6124,0.685947836
本舗,AAAAA000644,202509,6,0.9185,1.028921754
本舗,AAAAA000645,202509,2,2.2963,1.371895672
本舗,AAAAA000646,202509,3,0.3062,3.772713098
本舗,AAAAA000647,202509,1,1.3778,1.71486959
本舗,AAAAA000648,202509,2,3.2149,0.342973918
本舗,AAAAA000649,202509,1,0.6124,1.371895672
本舗,AAAAA000650,202509,2,1.2247,2.057843508
本舗,AAAAA000651,202509,1,0.3062,0.342973918
本舗,AAAAA000652,202509,0,0.1531,2.057843508
本舗,AAAAA000653,202509,0,0.3062,2.400817426
本舗,AAAAA000654,202509,3,0.7654,1.028921754
本舗,AAAAA000655,202509,0,1.0716,1.71486959
本舗,AAAAA000656,202509,0,1.3778,3.086765262
本舗,AAAAA000657,202509,1,1.9902,3.42973918
本舗,AAAAA000658,202509,1,0.1531,1.028921754
本舗,AAAAA000659,202509,0,0.3062,2.400817426
本舗,AAAAA000660,202509,0,0.1531,2.743791344
本舗,AAAAA000661,202509,2,0.6124,1.371895672
本舗,AAAAA000662,202509,0,0.3062,0.342973918
本舗,AAAAA000663,202509,0,3.0618,1.371895672
本舗,AAAAA000664,202509,1,2.9087,3.42973918
本舗,AAAAA000665,202509,0,0,1.028921754
本舗,AAAAA000666,202509,0,0,0.685947836
本舗,AAAAA000667,202509,1,1.3778,1.71486959
本舗,AAAAA000668,202509,2,1.8371,3.086765262
本舗,AAAAA000669,202509,1,0,1.71486959
本舗,AAAAA000670,202509,1,0.3062,2.057843508
本舗,AAAAA000671,202509,0,0.3062,2.057843508
本舗,AAAAA000672,202509,1,0.3062,4.115687016
本舗,AAAAA000673,202509,1,1.3778,0.342973918
本舗,AAAAA000674,202509,0,1.3778,0.342973918
本舗,AAAAA000675,202509,0,0.7654,1.028921754
本舗,AAAAA000676,202509,1,0.7654,0.685947836
本舗,AAAAA000677,202509,0,0.4593,2.400817426
本舗,AAAAA000678,202509,0,1.3778,2.057843508
本舗,AAAAA000679,202509,0,1.0716,0.685947836
本舗,AAAAA000680,202509,1,0.1531,0.342973918
本舗,AAAAA000681,202509,2,0.1531,1.028921754
本舗,AAAAA000682,202509,1,0.3062,2.057843508
本舗,AAAAA000683,202509,0,0.4593,1.371895672
本舗,AAAAA000684,202509,4,0.3062,0
本舗,AAAAA000685,202509,3,0,0.342973918
本舗,AAAAA000686,202509,3,0,0.685947836
本舗,AAAAA000687,202509,5,0,0.685947836
本舗,AAAAA000688,202509,0,1.2247,1.371895672
本舗,AAAAA000689,202509,0,0.6124,0.342973918
本舗,AAAAA000690,202509,0,0.6124,0.342973918
本舗,AAAAA000691,202509,0,0.9185,0.685947836
本舗,AAAAA000692,202509,1,0.1531,1.028921754
本舗,AAAAA000693,202509,1,0.3062,0.685947836
本舗,AAAAA000694,202509,0,0.3062,0
本舗,AAAAA000695,202509,1,0.3062,2.057843508
本舗,AAAAA000696,202509,0,1.2247,1.371895672
本舗,AAAAA000697,202509,0,0.7654,1.028921754
本舗,AAAAA000698,202509,0,1.5309,0.685947836
本舗,AAAAA000699,202509,1,1.9902,1.028921754
本舗,AAAAA000700,202509,1,0,0
本舗,AAAAA000701,202509,0,0,0
本舗,AAAAA000702,202509,0,0,0
本舗,AAAAA000703,202509,0,0.1531,1.371895672
本舗,AAAAA000704,202509,0,0.1531,1.028921754
本舗,AAAAA000705,202509,1,0.1531,0.342973918
本舗,AAAAA000706,202509,3,0.3062,0.342973918
本舗,AAAAA000707,202509,0,0.6124,0.342973918
本舗,AAAAA000708,202509,0,0,0
本舗,AAAAA000709,202509,0,0.4593,0
本舗,AAAAA000710,202509,0,0.4593,0.685947836
本舗,AAAAA000711,202509,0,0.1531,0.685947836
本舗,AAAAA000712,202509,1,0.7654,0.685947836
本舗,AAAAA000713,202509,2,0.3062,0
本舗,AAAAA000714,202509,0,0,1.028921754
本舗,AAAAA000715,202509,0,0.9185,1.028921754
本舗,AAAAA000716,202509,1,0.6124,0
本舗,AAAAA000717,202509,0,0.9185,0.685947836
本舗,AAAAA000718,202509,0,0.3062,1.71486959
本舗,AAAAA000719,202509,2,0.7654,1.028921754
本舗,AAAAA000720,202509,0,0,0
本舗,AAAAA000721,202509,0,0.1531,1.028921754
本舗,AAAAA000722,202509,0,0,0
本舗,AAAAA000723,202509,0,0,0.685947836
本舗,AAAAA000724,202509,0,0,0
本舗,AAAAA000725,202509,0,0,2.743791344
本舗,AAAAA000726,202509,1,0.6124,0.685947836
本舗,AAAAA000727,202509,2,0,0.685947836
本舗,AAAAA000728,202509,0,0.1531,0.342973918
本舗,AAAAA000729,202509,1,0,0.342973918
本舗,AAAAA000730,202509,1,0.3062,3.086765262
本舗,AAAAA000731,202509,0,0.1531,0
本舗,AAAAA000732,202509,0,0.7654,1.028921754
本舗,AAAAA000733,202509,0,0.3062,1.028921754
本舗,AAAAA000734,202509,0,0.1531,0.342973918
本舗,AAAAA000735,202509,1,0.9185,0.342973918
本舗,AAAAA000736,202509,0,0.7654,0.342973918
本舗,AAAAA000737,202509,0,0.4593,1.028921754
本舗,AAAAA000738,202509,0,0,0.342973918
本舗,AAAAA000739,202509,0,0,0.342973918
本舗,AAAAA000740,202509,0,0,0
本舗,AAAAA000741,202509,0,0.1531,0
本舗,AAAAA000742,202509,0,0,0.342973918
本舗,AAAAA000743,202509,0,1.3778,0.342973918
本舗,AAAAA000744,202509,0,0.3062,0.342973918
本舗,AAAAA000745,202509,1,0,0
本舗,AAAAA000746,202509,0,0.1531,0.685947836
本舗,AAAAA000747,202509,0,0,0
本舗,AAAAA000748,202509,0,0.1531,0
本舗,AAAAA000749,202509,0,0.3062,0.342973918
本舗,AAAAA000750,202509,0,0.4593,0.685947836
本舗,AAAAA000751,202509,0,0.7654,0
本舗,AAAAA000752,202509,0,0.6124,0.685947836
本舗,AAAAA000753,202509,0,0,0
本舗,AAAAA000754,202509,0,0,0.342973918
本舗,AAAAA000755,202509,0,0,0
本舗,AAAAA000756,202509,0,0.1531,0
本舗,AAAAA000757,202509,0,0,1.371895672
本舗,AAAAA000758,202509,0,0,0.685947836
本舗,AAAAA000759,202509,0,0,0
本舗,AAAAA000760,202509,0,0,0
本舗,AAAAA000761,202509,0,0,0
本舗,AAAAA000762,202509,0,0,0.685947836
本舗,AAAAA000763,202509,0,0.1531,0.685947836
本舗,AAAAA000764,202509,1,0.1531,0.342973918
本舗,AAAAA000765,202509,0,0.4593,0.342973918
本舗,AAAAA000766,202509,1,0.6124,1.371895672
本舗,AAAAA000767,202509,0,0,0.685947836
本舗,AAAAA000768,202509,0,0.6124,0.342973918
本舗,AAAAA000769,202509,0,0.3062,0.685947836
本舗,AAAAA000770,202509,0,0,0.342973918
本舗,AAAAA000771,202509,0,0,0
本舗,AAAAA000772,202509,0,0.1531,0
本舗,AAAAA000773,202509,0,0.1531,0.342973918
本舗,AAAAA000774,202509,0,0,0
本舗,AAAAA000775,202509,0,0.7654,0.342973918
本舗,AAAAA000776,202509,0,1.2247,0
本舗,AAAAA000777,202509,0,0.1531,0
本舗,AAAAA000778,202509,0,0.1531,0
本舗,AAAAA000779,202509,0,0.6124,0.685947836
本舗,AAAAA000780,202509,0,0.7654,0
本舗,AAAAA000781,202509,0,0,0
本舗,AAAAA000782,202509,0,0,1.028921754
本舗,AAAAA000783,202509,0,0,0
本舗,AAAAA000784,202509,0,0,0.342973918
本舗,AAAAA000785,202509,0,0,0.685947836
本舗,AAAAA000786,202509,0,0,0.342973918
本舗,AAAAA000787,202509,0,0,0
本舗,AAAAA000788,202509,0,0,0.342973918
本舗,AAAAA000789,202509,0,0,0
本舗,AAAAA000790,202509,0,0,0
本舗,AAAAA000791,202509,0,0.1531,0
本舗,AAAAA000792,202509,0,0.3062,0.342973918
本舗,AAAAA000793,202509,0,0,0.342973918
本舗,AAAAA000794,202509,0,0,0.342973918
本舗,AAAAA000795,202509,0,0.1531,0
本舗,AAAAA000796,202509,0,0,0
本舗,AAAAA000797,202510,128,253.9284,255.7094595
本舗,AAAAA000798,202510,189,213.7003,210.0184275
本舗,AAAAA000799,202510,151,174.3824,176.3513514
本舗,AAAAA000800,202510,60,131.4239,103.0052211
本舗,AAAAA000801,202510,105,99.9331,121.4419533
本舗,AAAAA000802,202510,95,92.652,114.2275799
本舗,AAAAA000803,202510,97,86.6451,101.0012285
本舗,AAAAA000804,202510,76,79.728,92.98525799
本舗,AAAAA000805,202510,59,65.894,64.52856265
本舗,AAAAA000806,202510,48,63.3456,66.93335381
本舗,AAAAA000807,202510,60,51.1497,63.32616708
本舗,AAAAA000808,202510,47,66.076,73.34613022
本舗,AAAAA000809,202510,36,40.4101,49.6990172
本舗,AAAAA000810,202510,37,32.0368,36.07186732
本舗,AAAAA000811,202510,45,37.6797,38.07585995
本舗,AAAAA000812,202510,44,50.9677,32.06388206
本舗,AAAAA000813,202510,33,53.152,56.51259214
本舗,AAAAA000814,202510,60,28.9424,30.86148649
本舗,AAAAA000815,202510,31,32.4009,33.26627764
本舗,AAAAA000816,202510,33,31.4908,37.2742629
本舗,AAAAA000817,202510,22,26.394,23.64711302
本舗,AAAAA000818,202510,13,17.4746,20.03992629
本舗,AAAAA000819,202510,22,3.6406,11.62315725
本舗,AAAAA000820,202510,19,13.288,13.22635135
本舗,AAAAA000821,202510,16,16.2004,21.64312039
本舗,AAAAA000822,202510,9,16.0184,17.23433661
本舗,AAAAA000823,202510,8,13.288,12.02395577
本舗,AAAAA000824,202510,6,5.8249,6.412776413
本舗,AAAAA000825,202510,12,6.1889,9.218366093
本舗,AAAAA000826,202510,7,7.0991,8.015970516
本舗,AAAAA000827,202510,14,3.2765,4.408783784
本舗,AAAAA000828,202510,10,9.4654,11.22235872
本舗,AAAAA000829,202510,18,2.7304,4.007985258
本舗,AAAAA000830,202510,10,0.5461,5.210380835
本舗,AAAAA000831,202510,5,0.3641,5.611179361
本舗,AAAAA000832,202510,5,0.5461,3.206388206
本舗,AAAAA000833,202510,4,0.5461,6.412776413
本舗,AAAAA000834,202510,8,2.3664,5.210380835
本舗,AAAAA000835,202510,6,0.5461,3.607186732
本舗,AAAAA000836,202510,3,2.7304,3.607186732
本舗,AAAAA000837,202510,3,0.3641,5.210380835
本舗,AAAAA000838,202510,4,0.3641,4.80958231
本舗,AAAAA000839,202510,2,4.7327,6.813574939
本舗,AAAAA000840,202510,1,0.5461,2.805589681
本舗,AAAAA000841,202510,2,2.7304,6.011977887
本舗,AAAAA000842,202510,2,0.5461,0.801597052
本舗,AAAAA000843,202510,3,1.0922,1.202395577
本舗,AAAAA000844,202510,1,2.5484,1.603194103
本舗,AAAAA000845,202510,2,0.5461,4.408783784
本舗,AAAAA000846,202510,2,1.8203,2.003992629
本舗,AAAAA000847,202510,1,3.8226,0.400798526
本舗,AAAAA000848,202510,1,0.5461,1.603194103
本舗,AAAAA000849,202510,1,1.4562,2.404791155
本舗,AAAAA000850,202510,5,0.182,0.400798526
本舗,AAAAA000851,202510,2,0.182,2.404791155
本舗,AAAAA000852,202510,1,0.3641,2.805589681
本舗,AAAAA000853,202510,0,0.7281,1.202395577
本舗,AAAAA000854,202510,4,1.0922,2.003992629
本舗,AAAAA000855,202510,3,1.8203,3.607186732
本舗,AAAAA000856,202510,0,2.0023,4.007985258
本舗,AAAAA000857,202510,0,0.182,1.202395577
本舗,AAAAA000858,202510,4,0.3641,2.805589681
本舗,AAAAA000859,202510,3,0.182,3.206388206
本舗,AAAAA000860,202510,2,0.5461,1.603194103
本舗,AAAAA000861,202510,2,0.182,0.400798526
本舗,AAAAA000862,202510,0,3.0945,1.603194103
本舗,AAAAA000863,202510,1,3.6406,4.007985258
本舗,AAAAA000864,202510,2,0,1.202395577
本舗,AAAAA000865,202510,1,0,0.801597052
本舗,AAAAA000866,202510,0,1.8203,2.003992629
本舗,AAAAA000867,202510,1,1.8203,3.607186732
本舗,AAAAA000868,202510,0,0,2.003992629
本舗,AAAAA000869,202510,1,0.3641,2.404791155
本舗,AAAAA000870,202510,1,0.3641,2.404791155
本舗,AAAAA000871,202510,1,0.3641,4.80958231
本舗,AAAAA000872,202510,0,1.8203,0.400798526
本舗,AAAAA000873,202510,4,1.8203,0.400798526
本舗,AAAAA000874,202510,0,0.7281,1.202395577
本舗,AAAAA000875,202510,1,0.9101,0.801597052
本舗,AAAAA000876,202510,2,0.5461,2.805589681
本舗,AAAAA000877,202510,0,1.6382,2.404791155
本舗,AAAAA000878,202510,3,0.9101,0.801597052
本舗,AAAAA000879,202510,0,0.182,0.400798526
本舗,AAAAA000880,202510,0,0.182,1.202395577
本舗,AAAAA000881,202510,0,0.3641,2.404791155
本舗,AAAAA000882,202510,3,0.5461,1.603194103
本舗,AAAAA000883,202510,1,0.3641,0
本舗,AAAAA000884,202510,1,0,0.400798526
本舗,AAAAA000885,202510,0,0,0.801597052
本舗,AAAAA000886,202510,0,0,0.801597052
本舗,AAAAA000887,202510,1,1.4562,1.603194103
本舗,AAAAA000888,202510,0,0.5461,0.400798526
本舗,AAAAA000889,202510,0,0.7281,0.400798526
本舗,AAAAA000890,202510,2,1.0922,0.801597052
本舗,AAAAA000891,202510,1,0.182,1.202395577
本舗,AAAAA000892,202510,1,0.3641,0.801597052
本舗,AAAAA000893,202510,1,0.3641,0
本舗,AAAAA000894,202510,0,0.3641,2.404791155
本舗,AAAAA000895,202510,1,1.4562,1.603194103
本舗,AAAAA000896,202510,1,1.0922,1.202395577
本舗,AAAAA000897,202510,1,1.6382,0.801597052
本舗,AAAAA000898,202510,2,2.3664,1.202395577
本舗,AAAAA000899,202510,3,0,0
本舗,AAAAA000900,202510,2,0,0
本舗,AAAAA000901,202510,0,0,0
本舗,AAAAA000902,202510,2,0.182,1.603194103
本舗,AAAAA000903,202510,1,0.182,1.202395577
本舗,AAAAA000904,202510,1,0.182,0.400798526
本舗,AAAAA000905,202510,0,0.5461,0.400798526
本舗,AAAAA000906,202510,1,0.7281,0.400798526
本舗,AAAAA000907,202510,0,0,0
本舗,AAAAA000908,202510,1,0.3641,0
本舗,AAAAA000909,202510,0,0.3641,0.801597052
本舗,AAAAA000910,202510,0,0.182,0.801597052
本舗,AAAAA000911,202510,0,0.7281,0.801597052
本舗,AAAAA000912,202510,0,0.3641,0
本舗,AAAAA000913,202510,0,0,1.202395577
本舗,AAAAA000914,202510,1,1.2742,1.202395577
本舗,AAAAA000915,202510,0,0.7281,0
本舗,AAAAA000916,202510,0,1.2742,0.801597052
本舗,AAAAA000917,202510,2,0.5461,2.003992629
本舗,AAAAA000918,202510,1,1.0922,1.202395577
本舗,AAAAA000919,202510,1,0,0
本舗,AAAAA000920,202510,0,0.182,1.202395577
本舗,AAAAA000921,202510,0,0,0
本舗,AAAAA000922,202510,1,0,0.801597052
本舗,AAAAA000923,202510,0,0,0
本舗,AAAAA000924,202510,1,0,3.206388206
本舗,AAAAA000925,202510,0,0.5461,0.801597052
本舗,AAAAA000926,202510,0,0,0.801597052
本舗,AAAAA000927,202510,1,0.182,0.400798526
本舗,AAAAA000928,202510,1,0,0.400798526
本舗,AAAAA000929,202510,0,0.5461,3.607186732
本舗,AAAAA000930,202510,0,0.182,0
本舗,AAAAA000931,202510,0,0.5461,1.202395577
本舗,AAAAA000932,202510,0,0.5461,1.202395577
本舗,AAAAA000933,202510,0,0.182,0.400798526
本舗,AAAAA000934,202510,0,1.2742,0.400798526
本舗,AAAAA000935,202510,1,0.7281,0.400798526
本舗,AAAAA000936,202510,0,0.3641,1.202395577
本舗,AAAAA000937,202510,0,0,0.400798526
本舗,AAAAA000938,202510,0,0,0.400798526
本舗,AAAAA000939,202510,1,0,0
本舗,AAAAA000940,202510,1,0.182,0
本舗,AAAAA000941,202510,1,0,0.400798526
本舗,AAAAA000942,202510,0,1.6382,0.400798526
本舗,AAAAA000943,202510,0,0.3641,0.400798526
本舗,AAAAA000944,202510,0,0,0
本舗,AAAAA000945,202510,1,0.3641,0.801597052
本舗,AAAAA000946,202510,0,0,0
本舗,AAAAA000947,202510,0,0.182,0
本舗,AAAAA000948,202510,0,0.3641,0.400798526
本舗,AAAAA000949,202510,0,0.3641,0.801597052
本舗,AAAAA000950,202510,0,1.0922,0
本舗,AAAAA000951,202510,1,0.7281,0.801597052
本舗,AAAAA000952,202510,0,0,0
本舗,AAAAA000953,202510,0,0,0.400798526
本舗,AAAAA000954,202510,0,0,0
本舗,AAAAA000955,202510,1,0.182,0
本舗,AAAAA000956,202510,0,0,1.603194103
本舗,AAAAA000957,202510,0,0,0.801597052
本舗,AAAAA000958,202510,0,0,0
本舗,AAAAA000959,202510,0,0,0
本舗,AAAAA000960,202510,0,0,0
本舗,AAAAA000961,202510,0,0,0.801597052
本舗,AAAAA000962,202510,0,0.182,0.801597052
本舗,AAAAA000963,202510,0,0.3641,0.400798526
本舗,AAAAA000964,202510,0,0.3641,0.400798526
本舗,AAAAA000965,202510,0,0.9101,1.603194103
本舗,AAAAA000966,202510,1,0,0.801597052
本舗,AAAAA000967,202510,0,0.5461,0.400798526
本舗,AAAAA000968,202510,1,0.3641,0.801597052
本舗,AAAAA000969,202510,0,0,0.400798526
本舗,AAAAA000970,202510,0,0,0
本舗,AAAAA000971,202510,0,0.182,0
本舗,AAAAA000972,202510,0,0.182,0.400798526
本舗,AAAAA000973,202510,0,0,0
本舗,AAAAA000974,202510,0,0.5461,0.400798526
本舗,AAAAA000975,202510,0,1.2742,0
本舗,AAAAA000976,202510,0,0.182,0
本舗,AAAAA000977,202510,0,0.182,0
本舗,AAAAA000978,202510,0,0.7281,0.801597052
本舗,AAAAA000979,202510,0,0.9101,0
本舗,AAAAA000980,202510,0,0,0
本舗,AAAAA000981,202510,0,0,1.202395577
本舗,AAAAA000982,202510,0,0,0
本舗,AAAAA000983,202510,0,0,0.400798526
本舗,AAAAA000984,202510,0,0,0.801597052
本舗,AAAAA000985,202510,0,0,0.400798526
本舗,AAAAA000986,202510,0,0,0
本舗,AAAAA000987,202510,0,0,0.400798526
本舗,AAAAA000988,202510,0,0,0
本舗,AAAAA000989,202510,0,0,0
本舗,AAAAA000990,202510,0,0.182,0
本舗,AAAAA000991,202510,0,0.5461,0.400798526
本舗,AAAAA000992,202510,0,0,0.400798526
本舗,AAAAA000993,202510,0,0,0.400798526
本舗,AAAAA000994,202510,0,0.182,0
本舗,AAAAA000995,202510,0,0,0
本舗,AAAAA000996,202511,156,274.7343,243.4703742
本舗,AAAAA000997,202511,203,218.6914,199.9662635
本舗,AAAAA000998,202511,128,168.3057,167.9106029
本舗,AAAAA000999,202511,80,110.4948,98.0750567
本舗,AAAAA001000,202511,91,93.5228,115.629347
本舗,AAAAA001001,202511,94,85.2136,108.7602769
本舗,AAAAA001002,202511,114,80.0867,96.16698167
本舗,AAAAA001003,202511,74,76.9044,88.53468153
本舗,AAAAA001004,202511,66,65.0594,61.44001607
本舗,AAAAA001005,202511,60,53.9215,63.7297061
本舗,AAAAA001006,202511,54,46.8498,60.29517105
本舗,AAAAA001007,202511,56,59.7556,69.83554621
本舗,AAAAA001008,202511,37,36.2423,47.32026082
本舗,AAAAA001009,202511,45,32.8833,34.3453506
本舗,AAAAA001010,202511,32,35.5351,36.25342563
本舗,AAAAA001011,202511,22,46.1426,30.52920053
本舗,AAAAA001012,202511,36,41.0157,53.80771593
本舗,AAAAA001013,202511,15,28.9938,29.38435551
本舗,AAAAA001014,202511,27,29.5242,31.67404555
本舗,AAAAA001015,202511,26,28.2867,35.49019562
本舗,AAAAA001016,202511,16,21.9222,22.51528539
本舗,AAAAA001017,202511,11,16.2648,19.08075033
本舗,AAAAA001018,202511,13,4.4198,11.06683519
本舗,AAAAA001019,202511,2,12.729,12.59329522
本舗,AAAAA001020,202511,9,16.2648,20.60721036
本舗,AAAAA001021,202511,10,15.5577,16.40944528
本舗,AAAAA001022,202511,8,12.3754,11.4484502
本舗,AAAAA001023,202511,5,6.0109,6.105840106
本舗,AAAAA001024,202511,10,5.6573,8.777145152
本舗,AAAAA001025,202511,7,8.3092,7.632300132
本舗,AAAAA001026,202511,0,2.6519,4.197765073
本舗,AAAAA001027,202511,6,9.1932,10.68522019
本舗,AAAAA001028,202511,3,3.1823,3.816150066
本舗,AAAAA001029,202511,3,0.5304,4.960995086
本舗,AAAAA001030,202511,5,0.3536,5.342610093
本舗,AAAAA001031,202511,5,0.5304,3.052920053
本舗,AAAAA001032,202511,2,0.5304,6.105840106
本舗,AAAAA001033,202511,3,2.1215,4.960995086
本舗,AAAAA001034,202511,3,0.5304,3.43453506
本舗,AAAAA001035,202511,1,2.6519,3.43453506
本舗,AAAAA001036,202511,5,0.3536,4.960995086
本舗,AAAAA001037,202511,4,0.3536,4.579380079
本舗,AAAAA001038,202511,3,4.7734,6.487455112
本舗,AAAAA001039,202511,2,0.5304,2.671305046
本舗,AAAAA001040,202511,3,2.6519,5.724225099
本舗,AAAAA001041,202511,3,0.5304,0.763230013
本舗,AAAAA001042,202511,2,1.0608,1.14484502
本舗,AAAAA001043,202511,2,2.2983,1.526460026
本舗,AAAAA001044,202511,5,0.7072,4.197765073
本舗,AAAAA001045,202511,1,2.2983,1.908075033
本舗,AAAAA001046,202511,2,3.1823,0.381615007
本舗,AAAAA001047,202511,0,0.5304,1.526460026
本舗,AAAAA001048,202511,2,1.4143,2.28969004
本舗,AAAAA001049,202511,3,0.3536,0.381615007
本舗,AAAAA001050,202511,1,0,2.28969004
本舗,AAAAA001051,202511,4,0.3536,2.671305046
本舗,AAAAA001052,202511,0,0.884,1.14484502
本舗,AAAAA001053,202511,3,1.0608,1.908075033
本舗,AAAAA001054,202511,2,1.4143,3.43453506
本舗,AAAAA001055,202511,3,1.7679,3.816150066
本舗,AAAAA001056,202511,3,0.3536,1.14484502
本舗,AAAAA001057,202511,0,0.3536,2.671305046
本舗,AAAAA001058,202511,3,0,3.052920053
本舗,AAAAA001059,202511,2,0.5304,1.526460026
本舗,AAAAA001060,202511,3,0,0.381615007
本舗,AAAAA001061,202511,1,2.2983,1.526460026
本舗,AAAAA001062,202511,0,3.7126,3.816150066
本舗,AAAAA001063,202511,0,0,1.14484502
本舗,AAAAA001064,202511,1,0,0.763230013
本舗,AAAAA001065,202511,3,1.7679,1.908075033
本舗,AAAAA001066,202511,0,1.2375,3.43453506
本舗,AAAAA001067,202511,1,0,1.908075033
本舗,AAAAA001068,202511,2,0.3536,2.28969004
本舗,AAAAA001069,202511,0,0.3536,2.28969004
本舗,AAAAA001070,202511,0,0.3536,4.579380079
本舗,AAAAA001071,202511,1,1.4143,0.381615007
本舗,AAAAA001072,202511,0,1.4143,0.381615007
本舗,AAAAA001073,202511,0,0.7072,1.14484502
本舗,AAAAA001074,202511,1,0.7072,0.763230013
本舗,AAAAA001075,202511,2,0.7072,2.671305046
本舗,AAAAA001076,202511,5,1.0608,2.28969004
本舗,AAAAA001077,202511,0,1.2375,0.763230013
本舗,AAAAA001078,202511,1,0.3536,0.381615007
本舗,AAAAA001079,202511,0,0,1.14484502
本舗,AAAAA001080,202511,1,0.3536,2.28969004
本舗,AAAAA001081,202511,0,0.7072,1.526460026
本舗,AAAAA001082,202511,0,0.3536,0
本舗,AAAAA001083,202511,2,0,0.381615007
本舗,AAAAA001084,202511,0,0,0.763230013
本舗,AAAAA001085,202511,0,0,0.763230013
本舗,AAAAA001086,202511,0,1.4143,1.526460026
本舗,AAAAA001087,202511,0,0.5304,0.381615007
本舗,AAAAA001088,202511,0,0.7072,0.381615007
本舗,AAAAA001089,202511,1,0.7072,0.763230013
本舗,AAAAA001090,202511,1,0,1.14484502
本舗,AAAAA001091,202511,1,0.3536,0.763230013
本舗,AAAAA001092,202511,0,0.3536,0
本舗,AAAAA001093,202511,1,0.3536,2.28969004
本舗,AAAAA001094,202511,1,1.2375,1.526460026
本舗,AAAAA001095,202511,0,1.0608,1.14484502
本舗,AAAAA001096,202511,1,1.0608,0.763230013
本舗,AAAAA001097,202511,0,2.4751,1.14484502
本舗,AAAAA001098,202511,0,0,0
本舗,AAAAA001099,202511,1,0,0
本舗,AAAAA001100,202511,0,0,0
本舗,AAAAA001101,202511,0,0,1.526460026
本舗,AAAAA001102,202511,1,0.3536,1.14484502
本舗,AAAAA001103,202511,0,0,0.381615007
本舗,AAAAA001104,202511,1,0.5304,0.381615007
本舗,AAAAA001105,202511,0,0.7072,0.381615007
本舗,AAAAA001106,202511,1,0,0
本舗,AAAAA001107,202511,1,0.1768,0
本舗,AAAAA001108,202511,0,0.1768,0.763230013
本舗,AAAAA001109,202511,1,0,0.763230013
本舗,AAAAA001110,202511,1,0.7072,0.763230013
本舗,AAAAA001111,202511,1,0.3536,0
本舗,AAAAA001112,202511,0,0,1.14484502
本舗,AAAAA001113,202511,1,0.884,1.14484502
本舗,AAAAA001114,202511,1,0.884,0
本舗,AAAAA001115,202511,0,0.884,0.763230013
本舗,AAAAA001116,202511,0,0.7072,1.908075033
本舗,AAAAA001117,202511,0,1.4143,1.14484502
本舗,AAAAA001118,202511,0,0,0
本舗,AAAAA001119,202511,1,0.3536,1.14484502
本舗,AAAAA001120,202511,2,0,0
本舗,AAAAA001121,202511,0,0,0.763230013
本舗,AAAAA001122,202511,1,0,0
本舗,AAAAA001123,202511,0,0,3.052920053
本舗,AAAAA001124,202511,0,0.5304,0.763230013
本舗,AAAAA001125,202511,0,0,0.763230013
本舗,AAAAA001126,202511,0,0.3536,0.381615007
本舗,AAAAA001127,202511,0,0,0.381615007
本舗,AAAAA001128,202511,0,0.5304,3.43453506
本舗,AAAAA001129,202511,0,0.3536,0
本舗,AAAAA001130,202511,0,0.5304,1.14484502
本舗,AAAAA001131,202511,1,0.7072,1.14484502
本舗,AAAAA001132,202511,0,0.3536,0.381615007
本舗,AAAAA001133,202511,1,1.0608,0.381615007
本舗,AAAAA001134,202511,1,0.3536,0.381615007
本舗,AAAAA001135,202511,0,0.1768,1.14484502
本舗,AAAAA001136,202511,0,0,0.381615007
本舗,AAAAA001137,202511,0,0,0.381615007
本舗,AAAAA001138,202511,0,0,0
本舗,AAAAA001139,202511,0,0.3536,0
本舗,AAAAA001140,202511,1,0,0.381615007
本舗,AAAAA001141,202511,2,1.0608,0.381615007
本舗,AAAAA001142,202511,0,0.3536,0.381615007
本舗,AAAAA001143,202511,0,0,0
本舗,AAAAA001144,202511,0,0.5304,0.763230013
本舗,AAAAA001145,202511,0,0,0
本舗,AAAAA001146,202511,0,0.3536,0
本舗,AAAAA001147,202511,0,0.3536,0.381615007
本舗,AAAAA001148,202511,0,0.1768,0.763230013
本舗,AAAAA001149,202511,0,0.884,0
本舗,AAAAA001150,202511,0,0.7072,0.763230013
本舗,AAAAA001151,202511,0,0,0
本舗,AAAAA001152,202511,1,0,0.381615007
本舗,AAAAA001153,202511,0,0,0
本舗,AAAAA001154,202511,0,0.3536,0
本舗,AAAAA001155,202511,1,0,1.526460026
本舗,AAAAA001156,202511,0,0,0.763230013
本舗,AAAAA001157,202511,1,0,0
本舗,AAAAA001158,202511,0,0,0
本舗,AAAAA001159,202511,0,0,0
本舗,AAAAA001160,202511,0,0,0.763230013
本舗,AAAAA001161,202511,1,0.3536,0.763230013
本舗,AAAAA001162,202511,0,0.5304,0.381615007
本舗,AAAAA001163,202511,0,0.1768,0.381615007
本舗,AAAAA001164,202511,0,1.2375,1.526460026
本舗,AAAAA001165,202511,0,0,0.763230013
本舗,AAAAA001166,202511,1,0.5304,0.381615007
本舗,AAAAA001167,202511,0,0.5304,0.763230013
本舗,AAAAA001168,202511,1,0,0.381615007
本舗,AAAAA001169,202511,0,0,0
本舗,AAAAA001170,202511,0,0,0
本舗,AAAAA001171,202511,0,0.3536,0.381615007
本舗,AAAAA001172,202511,0,0,0
本舗,AAAAA001173,202511,0,0.5304,0.381615007
本舗,AAAAA001174,202511,0,0.884,0
本舗,AAAAA001175,202511,0,0.3536,0
本舗,AAAAA001176,202511,0,0.3536,0
本舗,AAAAA001177,202511,0,0.7072,0.763230013
本舗,AAAAA001178,202511,0,0.7072,0
本舗,AAAAA001179,202511,0,0,0
本舗,AAAAA001180,202511,0,0,1.14484502
本舗,AAAAA001181,202511,0,0,0
本舗,AAAAA001182,202511,0,0,0.381615007
本舗,AAAAA001183,202511,0,0,0.763230013
本舗,AAAAA001184,202511,0,0,0.381615007
本舗,AAAAA001185,202511,0,0,0
本舗,AAAAA001186,202511,0,0,0.381615007
本舗,AAAAA001187,202511,0,0,0
本舗,AAAAA001188,202511,0,0,0
本舗,AAAAA001189,202511,0,0,0
本舗,AAAAA001190,202511,0,0.5304,0.381615007
本舗,AAAAA001191,202511,0,0,0.381615007
本舗,AAAAA001192,202511,0,0,0.381615007
本舗,AAAAA001193,202511,0,0,0
本舗,AAAAA001194,202511,0,0,0
